true_label,pred_label,correct,confidence,logit_0,logit_1,logit_2
2,0,0,0.9815632104873657,-0.01860886625945568,-3.994687795639038,-10.65210247039795
0,0,1,0.7214972972869873,-0.3264266550540924,-1.280748963356018,-7.302982807159424
1,1,1,0.9944158792495728,-5.2390971183776855,-0.005599770229309797,-8.184114456176758
0,1,0,0.8383171558380127,-1.8223234415054321,-0.17635878920555115,-10.316009521484375
1,1,1,0.9891284108161926,-4.588006973266602,-0.01093111652880907,-7.266547203063965
1,1,1,0.9945234060287476,-5.403123378753662,-0.0054916455410420895,-6.934049129486084
1,1,1,0.9997181296348572,-8.184926986694336,-0.0002819100918713957,-12.694967269897461
2,0,0,0.7234928011894226,-0.32366469502449036,-1.2872061729431152,-7.670563220977783
0,1,0,0.8294390439987183,-1.7686727046966553,-0.1870056539773941,-13.25235652923584
2,1,0,0.9379528760910034,-2.7804694175720215,-0.06405556946992874,-10.186261177062988
0,0,1,0.9954719543457031,-0.0045383283868432045,-5.406671047210693,-10.089193344116211
1,1,1,0.9576345086097717,-3.161513328552246,-0.04328908771276474,-12.447267532348633
2,1,0,0.9416607618331909,-2.8442177772521973,-0.060110192745923996,-8.743844985961914
1,1,1,0.6774044632911682,-1.1317496299743652,-0.38948675990104675,-8.971396446228027
1,1,1,0.9952600598335266,-5.356357574462891,-0.004751209169626236,-10.72774887084961
0,0,1,0.6432701349258423,-0.44119054079055786,-1.030962347984314,-9.621223449707031
1,1,1,0.9781700968742371,-3.82639479637146,-0.022071700543165207,-10.080681800842285
0,1,0,0.5660635828971863,-0.8353233337402344,-0.5690488815307617,-8.505990982055664
1,1,1,0.9989767074584961,-6.940092086791992,-0.0010238164104521275,-9.805984497070312
2,1,0,0.8207278251647949,-1.719357967376709,-0.19756373763084412,-9.304046630859375
1,1,1,0.9992086291313171,-7.215579032897949,-0.0007916841423138976,-9.783638000488281
0,1,0,0.7542528510093689,-1.403549075126648,-0.28202763199806213,-10.646207809448242
1,1,1,0.8554131984710693,-1.9395673274993896,-0.15617065131664276,-7.10547399520874
2,1,0,0.5180988907814026,-0.7300454378128052,-0.6575891375541687,-11.179803848266602
2,0,0,0.8247596621513367,-0.1926632523536682,-1.7416545152664185,-11.50175952911377
1,1,1,0.951749324798584,-3.032456636428833,-0.04945359379053116,-9.834476470947266
0,0,1,0.8023951649665833,-0.2201540619134903,-1.6226894855499268,-8.344710350036621
0,0,1,0.8522197604179382,-0.15991084277629852,-1.9136412143707275,-8.34310245513916
2,1,0,0.825254499912262,-1.744599461555481,-0.19206345081329346,-10.396544456481934
2,0,0,0.6093066334724426,-0.49543362855911255,-0.9415220022201538,-7.32373046875
1,0,0,0.7714151740074158,-0.2595285475254059,-1.4862574338912964,-6.046078681945801
2,0,0,0.6332018971443176,-0.45696595311164856,-1.0039315223693848,-7.923424243927002
1,1,1,0.9956771731376648,-5.467841625213623,-0.004332197364419699,-9.186026573181152
1,1,1,0.998923122882843,-6.853104591369629,-0.0010774573311209679,-10.788189888000488
2,1,0,0.975266695022583,-3.7003464698791504,-0.025044312700629234,-10.905107498168945
2,0,0,0.8966143131256104,-0.10912948101758957,-2.2736454010009766,-7.707558631896973
2,1,0,0.6637998819351196,-1.091296911239624,-0.4097745716571808,-7.776928424835205
2,1,0,0.9969382286071777,-5.793198108673096,-0.003066468285396695,-11.204147338867188
2,0,0,0.8303678631782532,-0.1858864724636078,-1.7746968269348145,-9.238121032714844
1,1,1,0.9881830811500549,-4.449946403503418,-0.011887293308973312,-8.889817237854004
0,0,1,0.8849154114723206,-0.12226321548223495,-2.1684439182281494,-7.223602771759033
1,1,1,0.9218036532402039,-2.5491137504577637,-0.08142303675413132,-9.998641967773438
1,1,1,0.9483359456062317,-2.963423013687134,-0.053046464920043945,-10.716778755187988
2,0,0,0.996580183506012,-0.003425677539780736,-5.68848991394043,-10.25693130493164
0,1,0,0.664341390132904,-1.0917394161224365,-0.40895912051200867,-10.540152549743652
0,0,1,0.8043967485427856,-0.21766266226768494,-1.633773684501648,-7.795374870300293
1,1,1,0.9916465878486633,-4.806883811950684,-0.008388497866690159,-8.621538162231445
2,0,0,0.9454976320266724,-0.056043896824121475,-2.910051107406616,-10.432575225830078
0,0,1,0.993954598903656,-0.006063748616725206,-5.1387176513671875,-8.621618270874023
1,1,1,0.9941985607147217,-5.158702850341797,-0.005818333011120558,-9.859169960021973
1,1,1,0.9940458536148071,-5.125642776489258,-0.005971943028271198,-11.353673934936523
1,1,1,0.9954581260681152,-5.404016494750977,-0.004552219528704882,-10.04426097869873
2,0,0,0.935289740562439,-0.06689891219139099,-2.7378742694854736,-12.871674537658691
0,1,0,0.6290428638458252,-0.992305338382721,-0.46355587244033813,-8.351399421691895
2,1,0,0.9729657173156738,-3.6158833503723145,-0.02740643173456192,-8.865684509277344
1,1,1,0.9834147095680237,-4.131758689880371,-0.016724366694688797,-7.541257858276367
0,1,0,0.8920204639434814,-2.2480053901672363,-0.11426626890897751,-6.0449090003967285
1,1,1,0.9936416745185852,-5.061787128448486,-0.0063786255195736885,-10.632427215576172
2,0,0,0.7360947728157043,-0.30639639496803284,-1.3355029821395874,-7.036261081695557
2,1,0,0.8714432716369629,-2.0566694736480713,-0.1376045048236847,-7.297078609466553
0,0,1,0.983539342880249,-0.01659763976931572,-4.112063407897949,-9.352967262268066
0,0,1,0.5066768527030945,-0.6798818707466125,-0.7066476941108704,-10.482745170593262
2,1,0,0.6775966286659241,-1.1320075988769531,-0.38920310139656067,-10.92172908782959
1,1,1,0.9823322892189026,-4.036754608154297,-0.017825648188591003,-11.251239776611328
1,1,1,0.9329046010971069,-2.7023043632507324,-0.06945233047008514,-10.01806640625
1,0,0,0.5431715846061707,-0.6103301048278809,-0.783689558506012,-9.109050750732422
0,0,1,0.9513464570045471,-0.049876973032951355,-3.0242152214050293,-9.761306762695312
2,1,0,0.7154271602630615,-1.2575962543487549,-0.3348754048347473,-8.351141929626465
0,1,0,0.8538854122161865,-1.925475835800171,-0.1579582691192627,-8.084718704223633
0,0,1,0.7213757634162903,-0.32659509778022766,-1.2861541509628296,-6.077996730804443
0,0,1,0.9869286417961121,-0.013157540000975132,-4.347877025604248,-8.894152641296387
0,0,1,0.9754245281219482,-0.024882489815354347,-3.7084848880767822,-9.706730842590332
1,1,1,0.9996258020401001,-7.899546146392822,-0.00037426798371598125,-12.620123863220215
2,1,0,0.9472354054450989,-2.9431111812591553,-0.054207637906074524,-9.671509742736816
1,1,1,0.9936997890472412,-5.0840911865234375,-0.00632014125585556,-9.155410766601562
2,0,0,0.754827082157135,-0.28126659989356995,-1.4062303304672241,-9.137925148010254
0,0,1,0.8940230011940002,-0.11202377825975418,-2.2459635734558105,-8.795328140258789
0,0,1,0.987508237361908,-0.012570440769195557,-4.3831281661987305,-12.108336448669434
2,1,0,0.791588544845581,-1.5690345764160156,-0.2337135374546051,-8.707401275634766
2,1,0,0.8319380879402161,-1.7836476564407349,-0.1839972585439682,-10.182541847229004
2,1,0,0.6642447710037231,-1.0916965007781982,-0.4091045558452606,-9.128327369689941
1,1,1,0.9917919635772705,-4.803198337554932,-0.008241907693445683,-12.294612884521484
0,0,1,0.9144653081893921,-0.08941574394702911,-2.4590446949005127,-10.920639991760254
1,1,1,0.9883809089660645,-4.456279277801514,-0.011687120422720909,-11.205782890319824
2,1,0,0.9177078008651733,-2.5014455318450928,-0.08587624132633209,-8.029153823852539
0,0,1,0.9862722158432007,-0.013822881504893303,-4.296501636505127,-9.100051879882812
2,0,0,0.7905246615409851,-0.23505842685699463,-1.5666875839233398,-7.208932876586914
0,0,1,0.9826310276985168,-0.017521582543849945,-4.064462661743164,-8.533546447753906
1,1,1,0.9725678563117981,-3.597400188446045,-0.027815431356430054,-10.19739055633545
2,0,0,0.9600350856781006,-0.040785446763038635,-3.219878911972046,-12.203837394714355
1,1,1,0.9988823533058167,-6.83028507232666,-0.0011182717280462384,-10.200465202331543
2,1,0,0.9686843752861023,-3.4638004302978516,-0.03181644156575203,-12.189757347106934
1,1,1,0.9985641837120056,-6.602383613586426,-0.0014368480769917369,-9.449859619140625
2,0,0,0.9135512113571167,-0.0904158428311348,-2.448441505432129,-10.793113708496094
0,0,1,0.9878491163253784,-0.012225309386849403,-4.41054630279541,-12.935627937316895
1,1,1,0.9936754107475281,-5.065303325653076,-0.006344674155116081,-11.284443855285645
1,1,1,0.997810423374176,-6.358105659484863,-0.0021919773425906897,-7.690918922424316
0,0,1,0.933920681476593,-0.06836377084255219,-2.7186505794525146,-9.06485366821289
0,0,1,0.995627760887146,-0.004381825216114521,-5.460695743560791,-9.01449966430664
0,0,1,0.9932594895362854,-0.006763330195099115,-5.00928258895874,-9.64384651184082
0,0,1,0.994949221611023,-0.005063576623797417,-5.300578594207764,-9.687284469604492
0,1,0,0.5498557686805725,-0.7983194589614868,-0.5980992913246155,-9.727889060974121
1,1,1,0.9818228483200073,-4.010085105895996,-0.01834438554942608,-10.001007080078125
1,1,1,0.9823465347290039,-4.038802146911621,-0.01781114563345909,-10.264213562011719
1,1,1,0.987280547618866,-4.3685150146484375,-0.012801037169992924,-9.91621208190918
1,1,1,0.9969538450241089,-5.835434913635254,-0.00305080390535295,-8.994930267333984
0,0,1,0.9774894118309021,-0.022767819464206696,-3.79613995552063,-9.841036796569824
2,1,0,0.8404101133346558,-1.8354991674423218,-0.17386527359485626,-9.7891263961792
0,1,0,0.7168418169021606,-1.2618303298950195,-0.3329000771045685,-10.687349319458008
2,0,0,0.9101275205612183,-0.09417055547237396,-2.410022020339966,-9.736056327819824
0,0,1,0.6643837690353394,-0.408895343542099,-1.0921781063079834,-8.938425064086914
2,0,0,0.4993261992931366,-0.694495677947998,-0.6957502365112305,-6.2278313636779785
0,0,1,0.7956207990646362,-0.2286325991153717,-1.5886613130569458,-8.62020206451416
2,1,0,0.9398933053016663,-2.812006950378418,-0.061988916248083115,-10.705793380737305
0,0,1,0.9963545799255371,-0.0036520808935165405,-5.626073837280273,-10.058830261230469
0,0,1,0.9941675662994385,-0.005849508568644524,-5.1635003089904785,-9.107290267944336
2,1,0,0.9762158393859863,-3.925363063812256,-0.024071570485830307,-5.509241580963135
2,1,0,0.7082619667053223,-1.232128381729126,-0.34494125843048096,-9.612275123596191
0,0,1,0.7810438871383667,-0.24712394177913666,-1.5249332189559937,-6.629729270935059
0,0,1,0.9739937782287598,-0.026350364089012146,-3.6653072834014893,-7.799343585968018
1,1,1,0.9955177903175354,-5.427657604217529,-0.00449228473007679,-9.328509330749512
0,0,1,0.9972485899925232,-0.002755202120169997,-5.925701141357422,-9.416373252868652
0,0,1,0.9419429898262024,-0.05981052666902542,-2.846763849258423,-10.589323043823242
1,1,1,0.9786893725395203,-3.85417103767395,-0.02154097706079483,-9.032798767089844
2,1,0,0.7811281085014343,-1.5198562145233154,-0.24701611697673798,-8.959132194519043
2,1,0,0.8974127769470215,-2.277923345565796,-0.10823934525251389,-9.311522483825684
2,0,0,0.7049163579940796,-0.34967613220214844,-1.2235374450683594,-7.017518997192383
2,0,0,0.5490677952766418,-0.5995332598686218,-0.796707272529602,-9.017332077026367
2,0,0,0.9400982856750488,-0.06177084892988205,-2.8241560459136963,-7.518416881561279
1,1,1,0.9976044297218323,-6.082852363586426,-0.002398444339632988,-9.079445838928223
2,0,0,0.9810060262680054,-0.019176676869392395,-3.9669344425201416,-9.678436279296875
1,1,1,0.9539728760719299,-3.090752601623535,-0.04712003841996193,-7.488752365112305
2,0,0,0.9545568227767944,-0.04650810733437538,-3.0913939476013184,-12.26705265045166
2,0,0,0.7237531542778015,-0.3233048915863037,-1.2922332286834717,-6.443946838378906
0,0,1,0.9674329161643982,-0.03310919553041458,-3.4247853755950928,-11.436245918273926
2,1,0,0.6002122759819031,-0.925297200679779,-0.5104718208312988,-5.691644191741943
0,1,0,0.5179669857025146,-0.73176109790802,-0.6578437685966492,-6.936149597167969
1,0,0,0.5801459550857544,-0.5444755554199219,-0.8696035742759705,-7.21378755569458
1,1,1,0.9955767393112183,-5.428484916687012,-0.004433072172105312,-10.303167343139648
2,1,0,0.8306708931922913,-1.7778172492980957,-0.18552160263061523,-8.039534568786621
0,0,1,0.9964068531990051,-0.0035996176302433014,-5.634613037109375,-10.769225120544434
0,1,0,0.5962710976600647,-0.9076142311096191,-0.517059862613678,-8.321867942810059
2,0,0,0.6870421171188354,-0.37535959482192993,-1.1625651121139526,-8.199501037597656
0,0,1,0.8511680364608765,-0.16114571690559387,-1.939918041229248,-5.275326251983643
1,1,1,0.9949784874916077,-5.302476406097412,-0.005034162662923336,-10.070849418640137
2,0,0,0.9627752900123596,-0.03793523833155632,-3.293201446533203,-9.315325736999512
0,0,1,0.9577983617782593,-0.04311800003051758,-3.1664233207702637,-9.953716278076172
0,0,1,0.8482981324195862,-0.1645231395959854,-1.8861961364746094,-9.819988250732422
2,1,0,0.5351153016090393,-0.7660973072052002,-0.6252730488777161,-9.702842712402344
0,0,1,0.9335625171661377,-0.06874734908342361,-2.714548110961914,-8.504219055175781
2,1,0,0.9467686414718628,-2.935112953186035,-0.05470052361488342,-9.146134376525879
1,1,1,0.9994055032730103,-7.450235843658447,-0.0005946735036559403,-11.23864459991455
2,0,0,0.698254406452179,-0.35917168855667114,-1.198307752609253,-10.0975341796875
0,1,0,0.5423124432563782,-0.7818706035614014,-0.6119129657745361,-8.88621711730957
0,0,1,0.9800384640693665,-0.020163459703326225,-3.943614959716797,-7.4465532302856445
1,1,1,0.9410697221755981,-2.8372788429260254,-0.06073804944753647,-7.970879554748535
1,1,1,0.8369430303573608,-1.813938856124878,-0.17799927294254303,-9.983957290649414
1,1,1,0.9851245880126953,-4.2657856941223145,-0.014987160451710224,-7.088542461395264
1,1,1,0.9669636487960815,-3.46170973777771,-0.03359437733888626,-6.400775909423828
1,1,1,0.9989334940910339,-6.880942344665527,-0.0010670750634744763,-10.144546508789062
2,1,0,0.9863309860229492,-4.313942909240723,-0.013763295486569405,-8.151503562927246
0,0,1,0.9895219206809998,-0.01053336076438427,-4.562284469604492,-10.12978458404541
1,1,1,0.9921791553497314,-4.854093074798584,-0.007851587608456612,-10.61816120147705
2,0,0,0.5968786478042603,-0.5160414576530457,-0.9093620777130127,-7.986001968383789
1,1,1,0.9952788352966309,-5.362540245056152,-0.004732344765216112,-10.342750549316406
2,1,0,0.6149698495864868,-0.955290675163269,-0.4861820340156555,-8.016767501831055
2,1,0,0.6165133118629456,-0.9591121673583984,-0.48367536067962646,-8.279494285583496
1,1,1,0.9920187592506409,-4.830807209014893,-0.00801326148211956,-13.728141784667969
1,1,1,0.9604448676109314,-3.231215715408325,-0.04035869985818863,-9.994173049926758
2,1,0,0.9745727777481079,-3.6727073192596436,-0.02575608156621456,-10.83802318572998
0,0,1,0.9935442209243774,-0.006476707756519318,-5.079630374908447,-8.36192512512207
2,1,0,0.6714293360710144,-1.114096760749817,-0.39834651350975037,-7.932133197784424
1,1,1,0.9938375353813171,-5.090859413146973,-0.006181531120091677,-11.541370391845703
1,1,1,0.9978294968605042,-6.13347864151001,-0.0021728621795773506,-13.421121597290039
0,0,1,0.9237076044082642,-0.07935970276594162,-2.5739355087280273,-9.76351547241211
2,0,0,0.6065154075622559,-0.5000251531600952,-0.9339479207992554,-7.630495548248291
0,0,1,0.9915722608566284,-0.008463453501462936,-4.800767421722412,-8.495814323425293
2,1,0,0.5209081768989563,-0.736043393611908,-0.6521815061569214,-9.35612678527832
0,0,1,0.956798791885376,-0.04416215792298317,-3.1440134048461914,-9.295122146606445
2,1,0,0.8360350131988525,-1.8117737770080566,-0.17908479273319244,-7.417168140411377
1,1,1,0.871008574962616,-2.0481553077697754,-0.1381034553050995,-10.882345199584961
0,0,1,0.6037026643753052,-0.5046734809875488,-0.9261250495910645,-8.459874153137207
1,1,1,0.9973756074905396,-5.95553731918335,-0.0026278423611074686,-10.3204984664917
1,1,1,0.9293046593666077,-2.655019998550415,-0.07331865280866623,-7.829340934753418
1,1,1,0.9987092018127441,-6.782355785369873,-0.0012916319537907839,-8.757735252380371
1,1,1,0.9713383316993713,-3.5539073944091797,-0.029080435633659363,-9.923599243164062
2,0,0,0.6250272989273071,-0.46995997428894043,-0.9822117686271667,-7.619631290435791
2,0,0,0.6616930365562439,-0.41295352578163147,-1.084220051765442,-8.863032341003418
1,1,1,0.9985584616661072,-6.550503253936768,-0.001442578388378024,-11.317999839782715
1,1,1,0.9985489249229431,-6.5396952629089355,-0.0014521288685500622,-12.012414932250977
1,1,1,0.9990636706352234,-6.981566429138184,-0.0009367680177092552,-11.802453994750977
1,1,1,0.9727931022644043,-3.605360269546509,-0.027583857998251915,-10.438482284545898
0,0,1,0.8144701719284058,-0.20521748065948486,-1.685922622680664,-8.268550872802734
2,0,0,0.8346940279006958,-0.18069005012512207,-1.8008191585540771,-8.855912208557129
0,0,1,0.8356344103813171,-0.17956407368183136,-1.8061437606811523,-9.444718360900879
0,0,1,0.5359351634979248,-0.6237421035766602,-0.7683167457580566,-8.210649490356445
0,0,1,0.8416694402694702,-0.17236793041229248,-1.8470338582992554,-7.375668048858643
1,1,1,0.9926527738571167,-4.924725532531738,-0.007374349981546402,-9.402593612670898
1,1,1,0.850020706653595,-1.8977704048156738,-0.16249457001686096,-9.473665237426758
2,1,0,0.863196849822998,-1.9893800020217896,-0.14711251854896545,-10.68315601348877
1,1,1,0.5217756032943726,-0.7389986515045166,-0.6505176424980164,-7.365874290466309
2,0,0,0.8506246209144592,-0.1617843508720398,-1.9031572341918945,-8.187152862548828
2,0,0,0.6947212219238281,-0.36424463987350464,-1.187606930732727,-8.020634651184082
0,0,1,0.7547765374183655,-0.2813335657119751,-1.408582329750061,-7.21716833114624
0,0,1,0.9770903587341309,-0.023176144808530807,-3.7787880897521973,-9.733230590820312
0,1,0,0.9519109725952148,-3.037980794906616,-0.04928376525640488,-8.75650405883789
2,0,0,0.9283450841903687,-0.07435175776481628,-2.636476993560791,-10.085800170898438
1,1,1,0.9984562397003174,-6.64802885055542,-0.001544953091070056,-8.305290222167969
0,0,1,0.9948348999023438,-0.005178485531359911,-5.277963638305664,-9.684904098510742
2,0,0,0.9850478172302246,-0.015065093524754047,-4.208427429199219,-9.40390396118164
0,0,1,0.9988794922828674,-0.0011211360106244683,-6.7972588539123535,-12.508898735046387
2,0,0,0.5435134172439575,-0.6097009181976318,-0.7885014414787292,-6.234252452850342
1,1,1,0.9974334836006165,-5.999246597290039,-0.0025698156096041203,-9.362519264221191
1,1,1,0.9980130195617676,-6.2414164543151855,-0.0019889571703970432,-10.13050651550293
2,0,0,0.9008976221084595,-0.10436365753412247,-2.311739206314087,-11.204392433166504
2,1,0,0.8467922210693359,-1.8760313987731934,-0.16629992425441742,-11.426589965820312
2,1,0,0.7609292268753052,-1.4312692880630493,-0.2732149362564087,-9.635712623596191
2,0,0,0.6497004628181458,-0.4312438368797302,-1.050370693206787,-7.6180925369262695
2,1,0,0.8381205797195435,-1.8216667175292969,-0.17659330368041992,-8.999350547790527
0,1,0,0.7596899271011353,-1.4262880086898804,-0.2748449146747589,-9.104292869567871
2,0,0,0.7176620364189148,-0.3317565321922302,-1.2648234367370605,-9.928106307983398
2,0,0,0.6129538416862488,-0.4894656538963318,-0.9493564367294312,-9.78725814819336
1,0,0,0.5633281469345093,-0.5738929510116577,-0.8286770582199097,-10.001860618591309
0,0,1,0.6150804758071899,-0.4860021471977234,-0.954818844795227,-10.186868667602539
2,1,0,0.8776214718818665,-2.101564884185791,-0.1305399090051651,-9.0831298828125
0,0,1,0.9820036292076111,-0.018160274252295494,-4.0252766609191895,-8.889009475708008
2,1,0,0.988631546497345,-4.4769816398620605,-0.01143356878310442,-14.095775604248047
2,1,0,0.8188836574554443,-1.708647608757019,-0.19981326162815094,-12.060124397277832
0,1,0,0.7227157950401306,-1.2862040996551514,-0.3247392177581787,-6.941841125488281
0,0,1,0.5223077535629272,-0.6494982838630676,-0.7396591901779175,-7.785451889038086
0,0,1,0.9759962558746338,-0.024296529591083527,-3.729647636413574,-12.917129516601562
1,1,1,0.9931486248970032,-4.9852495193481445,-0.006874953396618366,-11.228007316589355
1,1,1,0.954314649105072,-3.1059744358062744,-0.04676184058189392,-7.0081868171691895
2,1,0,0.6996282339096069,-1.2032636404037476,-0.35720619559288025,-8.746650695800781
0,0,1,0.7514762282371521,-0.2857156991958618,-1.3923178911209106,-10.588119506835938
1,1,1,0.8676232099533081,-2.027902126312256,-0.14199775457382202,-7.174975395202637
2,1,0,0.9325005412101746,-2.6960067749023438,-0.06988554447889328,-10.594809532165527
2,0,0,0.8855124115943909,-0.1215888038277626,-2.168067455291748,-9.325231552124023
1,1,1,0.9224405288696289,-2.5604605674743652,-0.08073237538337708,-8.144786834716797
1,1,1,0.9940539002418518,-5.135074138641357,-0.0059638479724526405,-9.73046588897705
2,1,0,0.9666793942451477,-3.403611183166504,-0.03388838469982147,-9.601380348205566
2,1,0,0.6909440755844116,-1.1744225025177002,-0.36969640851020813,-9.744919776916504
0,0,1,0.8541545271873474,-0.1576431542634964,-1.9263665676116943,-8.686078071594238
1,0,0,0.5658522248268127,-0.5694223046302795,-0.8344888687133789,-9.874857902526855
1,1,1,0.9965171813964844,-5.663167953491211,-0.0034888978116214275,-11.393798828125
1,1,1,0.9470957517623901,-2.940251111984253,-0.05435508117079735,-9.868156433105469
1,1,1,0.9922601580619812,-4.862736701965332,-0.007769950199872255,-11.460165977478027
1,1,1,0.9919964671134949,-5.109464168548584,-0.008035733364522457,-6.232663631439209
2,1,0,0.9332361817359924,-2.706754684448242,-0.06909696757793427,-11.447234153747559
0,0,1,0.9764602780342102,-0.023821206763386726,-3.7547590732574463,-8.920683860778809
2,1,0,0.9670812487602234,-3.4149205684661865,-0.03347276523709297,-10.133312225341797
0,0,1,0.9955922961235046,-0.004417446441948414,-5.4249467849731445,-12.939515113830566
2,1,0,0.8473559021949768,-1.8796736001968384,-0.16563448309898376,-12.376211166381836
1,1,1,0.9950464963912964,-5.308054447174072,-0.004965812899172306,-13.146857261657715
1,1,1,0.9244672060012817,-2.5848805904388428,-0.0785377025604248,-8.96557331085205
2,0,0,0.9542235732078552,-0.046857282519340515,-3.0848031044006348,-10.191944122314453
2,1,0,0.7794984579086304,-1.5123525857925415,-0.2491045743227005,-9.109260559082031
1,1,1,0.9885050654411316,-4.485886573791504,-0.011561512015759945,-8.385725021362305
0,0,1,0.9514292478561401,-0.04978995397686958,-3.0335192680358887,-7.763708591461182
0,0,1,0.7904807925224304,-0.23511391878128052,-1.563269853591919,-9.578970909118652
1,1,1,0.9881197214126587,-4.433741092681885,-0.011951413005590439,-11.483539581298828
1,0,0,0.5823523998260498,-0.5406795144081116,-0.8812690377235413,-5.686696529388428
1,1,1,0.9899675846099854,-4.603425025939941,-0.01008307933807373,-11.108036041259766
1,1,1,0.9962835907936096,-5.6116838455200195,-0.003723332192748785,-9.695664405822754
1,1,1,0.968407392501831,-3.584723472595215,-0.032102420926094055,-5.56011962890625
2,0,0,0.9025086164474487,-0.10257703810930252,-2.331146001815796,-8.088262557983398
1,1,1,0.9957640171051025,-5.677063941955566,-0.004244979936629534,-7.115486145019531
2,0,0,0.9500094056129456,-0.05128339305520058,-2.9962918758392334,-10.892467498779297
2,1,0,0.8780990839004517,-2.1052608489990234,-0.12999583780765533,-9.3491792678833
2,1,0,0.9206015467643738,-2.5355944633483887,-0.08272796869277954,-8.601776123046875
0,0,1,0.9979019165039062,-0.0021002874709665775,-6.218994617462158,-9.144144058227539
2,1,0,0.9796866178512573,-3.910240650177002,-0.02052253670990467,-8.188886642456055
2,0,0,0.9609717726707458,-0.039810243993997574,-3.2450809478759766,-9.676008224487305
2,0,0,0.959865927696228,-0.04096166417002678,-3.2162604331970215,-10.439679145812988
2,1,0,0.9315600395202637,-2.682806968688965,-0.07089463621377945,-9.581387519836426
0,0,1,0.9974340796470642,-0.0025692179333418608,-5.966369152069092,-12.928282737731934
1,1,1,0.8601305484771729,-1.9696762561798096,-0.1506710946559906,-7.908895015716553
0,0,1,0.9905291199684143,-0.009516013786196709,-4.660858154296875,-11.288618087768555
1,1,1,0.9964370727539062,-5.654103755950928,-0.0035692895762622356,-9.723492622375488
1,1,1,0.9976961016654968,-6.089599132537842,-0.0023065563291311264,-10.190835952758789
2,1,0,0.9489078521728516,-2.9756860733032227,-0.05244358628988266,-9.435938835144043
1,1,1,0.9969942569732666,-5.816683769226074,-0.0030102692544460297,-10.473780632019043
2,0,0,0.8615154027938843,-0.1490623503923416,-1.9784272909164429,-8.526607513427734
1,1,1,0.5014983415603638,-0.6962212920188904,-0.6901549696922302,-10.223196029663086
1,1,1,0.8987691402435303,-2.335628032684326,-0.10672907531261444,-5.4078755378723145
1,1,1,0.9993957281112671,-7.4169840812683105,-0.0006044545443728566,-12.635774612426758
0,0,1,0.998415470123291,-0.0015857865801081061,-6.450026512145996,-12.412957191467285
0,1,0,0.6037300825119019,-0.925815999507904,-0.50462806224823,-9.689290046691895
1,1,1,0.9776926636695862,-3.8098485469818115,-0.022559907287359238,-8.767022132873535
1,1,1,0.9995803236961365,-7.807830333709717,-0.0004197644011583179,-11.235860824584961
0,0,1,0.9538463950157166,-0.047252632677555084,-3.078461170196533,-8.998720169067383
1,1,1,0.7542802095413208,-1.405640959739685,-0.2819913625717163,-7.581099033355713
0,0,1,0.9778124690055847,-0.022437376901507378,-3.8086514472961426,-11.564708709716797
1,1,1,0.987054705619812,-4.348682403564453,-0.013029814697802067,-10.750401496887207
1,1,1,0.9836413860321045,-4.114201068878174,-0.016493894159793854,-10.8374605178833
1,1,1,0.9779530167579651,-3.8160152435302734,-0.02229364961385727,-10.3599214553833
1,1,1,0.9221320748329163,-2.5558063983917236,-0.08106681704521179,-8.341926574707031
2,1,0,0.7296769022941589,-1.3213270902633667,-0.31515344977378845,-5.643040657043457
1,1,1,0.9911632537841797,-4.733336925506592,-0.008876021951436996,-10.134800910949707
1,1,1,0.9985346794128418,-6.534006595611572,-0.0014663952169939876,-11.322134017944336
0,0,1,0.9677907824516296,-0.03273934870958328,-3.5020368099212646,-6.178595542907715
2,1,0,0.9859113693237305,-4.273423671722412,-0.014188817702233791,-8.774572372436523
1,1,1,0.9817445874214172,-4.040531635284424,-0.018424099311232567,-7.312206745147705
2,0,0,0.7611942291259766,-0.27286672592163086,-1.4324359893798828,-9.445281028747559
0,0,1,0.9947503209114075,-0.005263506900519133,-5.284160614013672,-8.632060050964355
1,1,1,0.9985415935516357,-6.589582920074463,-0.0014594709500670433,-9.387091636657715
0,0,1,0.9953197836875916,-0.004691202659159899,-5.384524822235107,-9.281344413757324
1,1,1,0.9950065612792969,-5.3078413009643555,-0.005005947779864073,-10.107207298278809
1,1,1,0.9248631000518799,-2.6017978191375732,-0.07810955494642258,-6.911046028137207
1,1,1,0.9853797554969788,-4.226434230804443,-0.014728173613548279,-11.050678253173828
1,1,1,0.5260564088821411,-0.7468862533569336,-0.6423468589782715,-9.171992301940918
2,1,0,0.7101654410362244,-1.2397958040237427,-0.34225723147392273,-7.846319198608398
2,1,0,0.9475321173667908,-2.9478566646575928,-0.053894445300102234,-11.053915023803711
0,0,1,0.8128837943077087,-0.2071671187877655,-1.6765899658203125,-9.155670166015625
2,0,0,0.9518217444419861,-0.049377504736185074,-3.0335850715637207,-10.24497127532959
0,0,1,0.9895429611206055,-0.010512097738683224,-4.562689304351807,-10.673736572265625
1,1,1,0.9308407306671143,-2.6714224815368652,-0.07166709005832672,-12.112874984741211
1,1,1,0.99644535779953,-5.670713424682617,-0.0035609749611467123,-9.12218952178955
1,1,1,0.993392288684845,-5.027529239654541,-0.006629638839513063,-9.85147476196289
0,0,1,0.9415290951728821,-0.06025002896785736,-2.8414528369903564,-8.947470664978027
2,1,0,0.8517284393310547,-1.9090951681137085,-0.16048753261566162,-9.770096778869629
1,1,1,0.9922541379928589,-4.862977027893066,-0.0077760168351233006,-10.90367317199707
0,1,0,0.628159761428833,-0.9894344806671143,-0.4649607539176941,-9.838351249694824
2,1,0,0.7193640470504761,-1.2714729309082031,-0.32938772439956665,-8.43265151977539
0,0,1,0.7951135635375977,-0.2292703241109848,-1.5855848789215088,-9.746562004089355
2,1,0,0.6523680686950684,-1.0570378303527832,-0.4271463453769684,-8.815995216369629
0,0,1,0.9968407154083252,-0.003164285561069846,-5.791252613067627,-9.159509658813477
1,1,1,0.9989374279975891,-6.860685348510742,-0.0010631369659677148,-11.147504806518555
1,1,1,0.9927979111671448,-4.93839693069458,-0.007228149101138115,-10.232345581054688
0,0,1,0.9861356019973755,-0.01396140642464161,-4.279652118682861,-10.985397338867188
2,1,0,0.9444048404693604,-2.889816999435425,-0.0572003498673439,-11.646535873413086
2,1,0,0.9468199610710144,-2.9381253719329834,-0.054646316915750504,-8.444258689880371
1,1,1,0.9963167905807495,-5.607840061187744,-0.0036900092381983995,-11.163907051086426
1,1,1,0.7759563326835632,-1.4961884021759033,-0.25365903973579407,-9.697749137878418
0,0,1,0.8975300192832947,-0.10810871422290802,-2.2795727252960205,-8.859384536743164
1,1,1,0.9883811473846436,-4.457078456878662,-0.011686879210174084,-10.69340705871582
2,0,0,0.8336713910102844,-0.18191596865653992,-1.7955529689788818,-8.135187149047852
2,1,0,0.6547572016716003,-1.0658080577850342,-0.4234907925128937,-7.139249324798584
2,0,0,0.6724328398704529,-0.39685294032096863,-1.116348147392273,-9.276233673095703
2,0,0,0.9854017496109009,-0.014705853536725044,-4.248297691345215,-8.08024787902832
1,1,1,0.9958335161209106,-5.498741149902344,-0.004175188019871712,-9.504999160766602
2,1,0,0.5832245349884033,-0.8752278089523315,-0.5391830205917358,-11.683764457702637
1,1,1,0.9978135824203491,-6.237240791320801,-0.0021888113114982843,-8.372296333312988
2,1,0,0.6293119192123413,-0.9926073551177979,-0.4631282687187195,-9.446159362792969
0,0,1,0.6825627684593201,-0.3819007873535156,-1.1477351188659668,-9.40296745300293
1,1,1,0.9963487386703491,-5.622396469116211,-0.003657943569123745,-10.253805160522461
1,1,1,0.9650468230247498,-3.3555350303649902,-0.0355786569416523,-9.680556297302246
1,1,1,0.9917917251586914,-4.847416400909424,-0.008242147974669933,-7.930386066436768
1,1,1,0.9877004623413086,-4.406763076782227,-0.012375802733004093,-9.161919593811035
2,1,0,0.8470796942710876,-1.8789923191070557,-0.16596050560474396,-8.64305591583252
1,1,1,0.9234460592269897,-2.5701744556427,-0.0796428918838501,-10.356914520263672
1,1,1,0.959427535533905,-3.2069649696350098,-0.04141848906874657,-9.281598091125488
1,1,1,0.9900476932525635,-4.612079620361328,-0.01000216230750084,-10.763941764831543
0,0,1,0.7154368758201599,-0.3348619043827057,-1.2569128274917603,-10.348262786865234
0,1,0,0.5828859806060791,-0.8744680881500244,-0.5397636890411377,-10.407232284545898
0,0,1,0.9978450536727905,-0.002157271606847644,-6.148621082305908,-10.896255493164062
0,0,1,0.9331721067428589,-0.06916563212871552,-2.705683708190918,-12.635233879089355
2,1,0,0.7310106158256531,-1.3133769035339355,-0.31332722306251526,-9.447290420532227
2,0,0,0.9838603734970093,-0.016271289438009262,-4.131951808929443,-9.337349891662598
1,1,1,0.9988633394241333,-6.88944673538208,-0.0011373070301488042,-9.043624877929688
2,1,0,0.9154543876647949,-2.4738881587982178,-0.08833473920822144,-8.14902400970459
2,1,0,0.7008572220802307,-1.209282398223877,-0.3554511070251465,-7.220543384552002
0,0,1,0.8477244973182678,-0.16519957780838013,-1.8824565410614014,-9.725910186767578
2,1,0,0.6760138273239136,-1.1281768083572388,-0.39154165983200073,-7.919903755187988
2,1,0,0.9794131517410278,-3.883453607559204,-0.020801711827516556,-11.834403038024902
0,0,1,0.9795761108398438,-0.020635340362787247,-3.896690607070923,-9.071517944335938
1,1,1,0.9945683479309082,-5.2396931648254395,-0.005446457304060459,-8.949652671813965
0,1,0,0.7830494046211243,-1.5292953252792358,-0.24455957114696503,-8.246036529541016
1,1,1,0.9840594530105591,-4.157215595245361,-0.016068963333964348,-8.147428512573242
0,0,1,0.8820888996124268,-0.12546242773532867,-2.1383466720581055,-9.69513988494873
1,1,1,0.9988847374916077,-6.862025260925293,-0.0011158848647028208,-9.588518142700195
2,1,0,0.9403097033500671,-2.819956064224243,-0.06154598668217659,-9.412069320678711
0,0,1,0.923862636089325,-0.07919187843799591,-2.575697183609009,-10.215020179748535
2,0,0,0.5872846841812134,-0.5322455763816833,-0.8884962797164917,-6.5420427322387695
2,0,0,0.9073086977005005,-0.09727253764867783,-2.3832461833953857,-7.727397441864014
2,1,0,0.848152756690979,-1.8849377632141113,-0.16469451785087585,-11.649662971496582
1,1,1,0.9389200806617737,-2.796870708465576,-0.06302491575479507,-9.442977905273438
2,0,0,0.6963973641395569,-0.361834853887558,-1.1923004388809204,-9.428250312805176
0,0,1,0.9582736492156982,-0.04262189567089081,-3.177191734313965,-10.646611213684082
1,1,1,0.9967557787895203,-5.752904415130615,-0.00324949505738914,-9.55778980255127
1,1,1,0.9368894100189209,-2.7653427124023438,-0.06519003212451935,-8.765522956848145
0,0,1,0.9733577370643616,-0.02700360119342804,-3.6310064792633057,-8.786636352539062
0,0,1,0.973076581954956,-0.027292493730783463,-3.657299757003784,-6.793182373046875
2,0,0,0.6645821928977966,-0.4085967242717743,-1.0925065279006958,-10.055968284606934
0,0,1,0.9761354923248291,-0.024153878912329674,-3.7431106567382812,-8.599382400512695
2,1,0,0.9858286380767822,-4.304140090942383,-0.014272734522819519,-7.325016021728516
1,1,1,0.9979436993598938,-6.20131254196167,-0.002058417769148946,-10.430009841918945
2,1,0,0.5219339728355408,-0.7401561141014099,-0.6502141952514648,-6.881500720977783
0,0,1,0.997546374797821,-0.0024566403590142727,-6.076242446899414,-8.759990692138672
1,1,1,0.9962131977081299,-5.591788291931152,-0.003793990472331643,-9.74659538269043
2,1,0,0.9125382304191589,-2.4373161792755127,-0.09152530133724213,-9.615736961364746
1,1,1,0.9974995255470276,-6.029911994934082,-0.002503605792298913,-9.264047622680664
0,0,1,0.976085901260376,-0.024204682558774948,-3.73673939704895,-9.404398918151855
2,1,0,0.7738432884216309,-1.4866324663162231,-0.2563858926296234,-10.64334774017334
0,0,1,0.9069496989250183,-0.09766829013824463,-2.375023126602173,-10.179851531982422
1,1,1,0.9948499798774719,-5.646308898925781,-0.0051633273251354694,-6.425617218017578
1,1,1,0.9939542412757874,-5.1182541847229,-0.006064108107239008,-9.733406066894531
1,1,1,0.9490530490875244,-2.982797384262085,-0.05229058116674423,-8.125104904174805
2,0,0,0.8560765981674194,-0.15539541840553284,-1.9541387557983398,-6.102610111236572
0,0,1,0.9906541705131531,-0.009389775805175304,-4.673828125,-11.587875366210938
1,1,1,0.9716008305549622,-3.596400499343872,-0.028810227289795876,-6.931127071380615
2,0,0,0.9633644819259644,-0.03732345253229141,-3.308016300201416,-9.967702865600586
2,1,0,0.9213718771934509,-2.552732467651367,-0.08189155161380768,-7.18278694152832
1,1,1,0.9971332550048828,-5.863011360168457,-0.0028708619065582752,-10.635101318359375
1,1,1,0.9824684262275696,-4.044131278991699,-0.01768707111477852,-11.915136337280273
1,1,1,0.861211895942688,-2.0048458576202393,-0.14941470324993134,-5.495054721832275
2,1,0,0.9333239197731018,-2.7087132930755615,-0.06900295615196228,-9.833560943603516
2,0,0,0.8987597227096558,-0.10673955082893372,-2.2904341220855713,-10.936436653137207
2,1,0,0.9914162755012512,-4.7609944343566895,-0.008620777167379856,-10.53484058380127
0,0,1,0.9910735487937927,-0.008966530673205853,-4.719034194946289,-12.805682182312012
1,1,1,0.9902293086051941,-4.629515647888184,-0.009818737395107746,-11.404073715209961
0,0,1,0.9816837906837463,-0.018486028537154198,-4.018479347229004,-7.998956680297852
1,1,1,0.9990185499191284,-6.993040084838867,-0.0009819320403039455,-9.668949127197266
0,0,1,0.9881689548492432,-0.01190158911049366,-4.47398042678833,-7.753596305847168
0,0,1,0.9069340825080872,-0.09768550843000412,-2.388895273208618,-6.618898391723633
1,1,1,0.998217761516571,-6.348601818084717,-0.0017838286003097892,-10.318305015563965
2,1,0,0.8968401551246643,-2.271707057952881,-0.10887762904167175,-10.644936561584473
2,1,0,0.8085875511169434,-1.6537728309631348,-0.2124663144350052,-9.363656044006348
2,1,0,0.7657437324523926,-1.4702095985412598,-0.2669077217578888,-5.430944442749023
2,1,0,0.7709077000617981,-1.4759974479675293,-0.26018664240837097,-7.52078104019165
0,0,1,0.606589674949646,-0.49990272521972656,-0.9388508796691895,-6.060460090637207
1,1,1,0.9965894222259521,-5.683403491973877,-0.0034164071548730135,-11.66741943359375
0,0,1,0.9919305443763733,-0.008102189749479294,-4.836474418640137,-8.913954734802246
2,0,0,0.8819838762283325,-0.1255815029144287,-2.1378190517425537,-9.166780471801758
1,1,1,0.8385129570960999,-1.8235764503479004,-0.17612524330615997,-10.13436222076416
0,0,1,0.9975704550743103,-0.002432500943541527,-6.066836833953857,-9.10573673248291
1,1,1,0.9204810261726379,-2.5598878860473633,-0.08285889029502869,-6.1167707443237305
0,0,1,0.9921345710754395,-0.007896524854004383,-4.846088886260986,-11.955757141113281
0,0,1,0.644451379776001,-0.43935590982437134,-1.034243106842041,-9.840047836303711
1,1,1,0.99236661195755,-5.009900093078613,-0.007662671618163586,-6.94670295715332
2,0,0,0.8326153755187988,-0.1831834763288498,-1.7881706953048706,-9.037805557250977
2,1,0,0.7990390062332153,-1.6051652431488037,-0.22434552013874054,-9.165227890014648
1,1,1,0.9995558857917786,-7.740904331207275,-0.0004442128702066839,-11.57792854309082
2,1,0,0.9857119917869568,-4.25083065032959,-0.014391064643859863,-10.240904808044434
0,0,1,0.8104569315910339,-0.21015708148479462,-1.6649748086929321,-7.964486598968506
2,1,0,0.8556866645812988,-1.9358717203140259,-0.15585102140903473,-11.117265701293945
2,1,0,0.8317251801490784,-1.7883949279785156,-0.18425320088863373,-6.862384796142578
1,1,1,0.9795554280281067,-3.8926327228546143,-0.02065645530819893,-9.845672607421875
1,1,1,0.98348468542099,-4.104569911956787,-0.016653213649988174,-10.911014556884766
0,0,1,0.9806523323059082,-0.01953728310763836,-3.946186065673828,-10.850444793701172
1,1,1,0.9901230931282043,-4.623252868652344,-0.009926007129251957,-9.787583351135254
2,1,0,0.9395229816436768,-2.8094961643218994,-0.06238299980759621,-8.328024864196777
1,1,1,0.9837750792503357,-4.124114513397217,-0.016357986256480217,-9.963322639465332
2,0,0,0.8604776263237,-0.15026766061782837,-1.9700884819030762,-9.461054801940918
2,1,0,0.925734281539917,-2.6026344299316406,-0.0771680399775505,-8.581843376159668
1,1,1,0.993871808052063,-5.104518413543701,-0.006147046573460102,-9.739765167236328
1,1,1,0.8945077657699585,-2.250269889831543,-0.1114816963672638,-9.015594482421875
1,1,1,0.9338822960853577,-2.717970132827759,-0.06840486824512482,-9.122982025146484
0,0,1,0.9834758043289185,-0.016662243753671646,-4.106265544891357,-9.809219360351562
1,1,1,0.9952549934387207,-5.3624467849731445,-0.004756299778819084,-9.797017097473145
2,0,0,0.6278016567230225,-0.46553099155426025,-0.9885479211807251,-9.41339111328125
0,0,1,0.8723240494728088,-0.13659431040287018,-2.0595364570617676,-8.722036361694336
1,1,1,0.8417277336120605,-1.8673202991485596,-0.17229866981506348,-5.5899977684021
1,1,1,0.9982970356941223,-6.378221035003662,-0.0017044160049408674,-12.246760368347168
1,1,1,0.9967154264450073,-5.740902900695801,-0.003289979649707675,-9.528521537780762
0,0,1,0.9695478081703186,-0.03092549368739128,-3.4932687282562256,-9.886345863342285
1,1,1,0.9964560866355896,-5.645243167877197,-0.0035502079408615828,-11.548401832580566
2,1,0,0.8588734865188599,-1.9610754251480103,-0.15213364362716675,-7.776553630828857
1,1,1,0.9868571162223816,-4.3332295417785645,-0.013230015523731709,-10.934513092041016
0,0,1,0.9910972118377686,-0.008942654356360435,-4.72186279296875,-12.379337310791016
2,1,0,0.655549168586731,-1.0661484003067017,-0.42228198051452637,-9.039864540100098
0,0,1,0.9982408285140991,-0.00176072062458843,-6.347573757171631,-11.714326858520508
0,0,1,0.9873017072677612,-0.012779605574905872,-4.370814800262451,-9.767338752746582
1,1,1,0.9987608194351196,-6.791787147521973,-0.0012399490224197507,-9.060385704040527
2,0,0,0.8840659856796265,-0.12322357296943665,-2.1548473834991455,-11.243369102478027
2,0,0,0.7768601179122925,-0.2524949610233307,-1.5074659585952759,-6.395299911499023
2,1,0,0.9718248248100281,-3.586512565612793,-0.0285797119140625,-7.640705108642578
2,1,0,0.8327637910842896,-1.795507788658142,-0.18300524353981018,-6.731204032897949
1,0,0,0.7084739804267883,-0.34464195370674133,-1.2328155040740967,-9.80402660369873
2,1,0,0.9825360774993896,-4.049959659576416,-0.017618216574192047,-10.104503631591797
1,1,1,0.8029888868331909,-1.6267142295837402,-0.21941439807415009,-7.736237049102783
2,1,0,0.9505242109298706,-3.020366668701172,-0.05074164643883705,-7.275235176086426
0,0,1,0.9889252781867981,-0.011136502958834171,-4.503544330596924,-12.186080932617188
1,1,1,0.9952050447463989,-5.367785453796387,-0.004806487821042538,-8.944111824035645
0,0,1,0.9017864465713501,-0.10337754338979721,-2.32085919380188,-10.62641716003418
2,1,0,0.5017896890640259,-0.6971372961997986,-0.6895741820335388,-8.51036548614502
0,0,1,0.968333899974823,-0.03217831254005432,-3.4531800746917725,-10.761372566223145
2,1,0,0.807976245880127,-1.652603268623352,-0.21322262287139893,-7.655987739562988
2,0,0,0.987552285194397,-0.012525836937129498,-4.388172149658203,-10.626087188720703
1,1,1,0.9990196228027344,-6.989831447601318,-0.000980858108960092,-9.735040664672852
1,1,1,0.7044529318809509,-1.2191394567489624,-0.35033369064331055,-9.67701244354248
1,1,1,0.9014168977737427,-2.317107677459717,-0.10378742218017578,-10.60057544708252
1,1,1,0.9959468245506287,-5.520925521850586,-0.00406141160055995,-9.881829261779785
1,1,1,0.9623560905456543,-3.308384656906128,-0.03837073966860771,-6.841334819793701
0,0,1,0.8947232961654663,-0.11124077439308167,-2.251540184020996,-10.135068893432617
2,0,0,0.9639418125152588,-0.03672434762120247,-3.3235368728637695,-10.321233749389648
1,1,1,0.9666785001754761,-3.409618854522705,-0.03388930857181549,-8.225471496582031
1,1,1,0.9851963520050049,-4.21315860748291,-0.014914315193891525,-12.399798393249512
0,0,1,0.7530003786087036,-0.28368955850601196,-1.399297833442688,-8.379992485046387
1,1,1,0.9937005043029785,-5.1088056564331055,-0.0063194213435053825,-8.269636154174805
2,0,0,0.5171080231666565,-0.6595034599304199,-0.7297257781028748,-7.06934118270874
1,1,1,0.9958972930908203,-5.547780990600586,-0.004111146088689566,-8.484480857849121
1,1,1,0.9084214568138123,-2.39178729057312,-0.09604685008525848,-9.092562675476074
1,1,1,0.9976508021354675,-6.121365070343018,-0.002351961564272642,-8.779914855957031
1,1,1,0.8387237787246704,-1.825673222541809,-0.17587386071681976,-8.69701862335205
2,1,0,0.6267889738082886,-0.9856785535812378,-0.4671453535556793,-10.592804908752441
1,1,1,0.9887109398841858,-4.51972770690918,-0.0113532654941082,-7.831328392028809
0,0,1,0.9970771074295044,-0.002927172463387251,-5.838385581970215,-11.576289176940918
0,0,1,0.9940609335899353,-0.005956772714853287,-5.126456260681152,-13.368072509765625
2,1,0,0.8109028339385986,-1.6656737327575684,-0.2096070498228073,-10.291269302368164
1,1,1,0.5871559381484985,-0.8847823143005371,-0.5324649214744568,-10.125288963317871
0,0,1,0.9711393117904663,-0.02928534895181656,-3.547713279724121,-9.563314437866211
2,1,0,0.9834058284759521,-4.107935428619385,-0.01673339679837227,-8.788545608520508
2,1,0,0.7837380170822144,-1.5313892364501953,-0.24368047714233398,-10.524044036865234
2,0,0,0.7667675614356995,-0.265571653842926,-1.455906629562378,-10.039468765258789
0,0,1,0.8398973941802979,-0.1744755506515503,-1.8329819440841675,-8.699179649353027
2,0,0,0.749576210975647,-0.288247287273407,-1.3848669528961182,-9.616013526916504
2,0,0,0.7628552317619324,-0.2706870138645172,-1.4421409368515015,-7.2311320304870605
2,1,0,0.9976422190666199,-6.0516357421875,-0.0023605648893862963,-12.492460250854492
1,1,1,0.9974802136421204,-5.9847540855407715,-0.0025229663588106632,-12.737056732177734
2,1,0,0.9981332421302795,-6.320072650909424,-0.0018685024697333574,-9.610735893249512
1,1,1,0.9961075186729431,-5.572118282318115,-0.0039000767283141613,-9.31566047668457
1,1,1,0.9915764927864075,-4.786611557006836,-0.008459185250103474,-9.398310661315918
2,1,0,0.8510507345199585,-1.9058902263641357,-0.16128359735012054,-8.258363723754883
2,0,0,0.9657017588615417,-0.034900229424238205,-3.372926712036133,-11.610849380493164
2,1,0,0.9858996272087097,-4.263191223144531,-0.014200727455317974,-10.675716400146484
1,1,1,0.9971935153007507,-5.884524345397949,-0.002810430247336626,-10.62484073638916
0,0,1,0.9949508905410767,-0.005061899311840534,-5.292113304138184,-10.924030303955078
0,0,1,0.9392393827438354,-0.06268490105867386,-2.80148983001709,-10.099624633789062
2,0,0,0.9935023188591003,-0.006518883164972067,-5.108917236328125,-7.69505500793457
0,0,1,0.9715059399604797,-0.0289078950881958,-3.561718225479126,-9.17060661315918
0,0,1,0.790168285369873,-0.23550933599472046,-1.5639877319335938,-7.539098262786865
0,0,1,0.6055479049682617,-0.5016216039657593,-0.9306501746177673,-8.772891998291016
1,1,1,0.9088563919067383,-2.3954925537109375,-0.09556818008422852,-11.0530366897583
0,0,1,0.9867339134216309,-0.01335486676543951,-4.323048114776611,-11.906082153320312
2,1,0,0.5366038084030151,-0.7707420587539673,-0.6224952340126038,-7.227131366729736
2,0,0,0.5436031818389893,-0.6095357537269592,-0.7845268845558167,-9.699190139770508
0,0,1,0.9934073686599731,-0.0066144587472081184,-5.023858070373535,-11.213947296142578
0,0,1,0.9985540509223938,-0.0014469954185187817,-6.565737724304199,-10.171183586120605
2,0,0,0.8783124685287476,-0.1297527253627777,-2.1065444946289062,-10.418042182922363
2,1,0,0.861722469329834,-1.9790292978286743,-0.14882202446460724,-9.508524894714355
1,1,1,0.9990027546882629,-6.917154788970947,-0.0009977428708225489,-11.922660827636719
1,1,1,0.9938642978668213,-5.098952293395996,-0.006154602859169245,-10.332326889038086
1,1,1,0.7054364681243896,-1.2223199605941772,-0.34893855452537537,-10.954188346862793
1,1,1,0.9941353797912598,-5.140257358551025,-0.005881884600967169,-11.684479713439941
1,1,1,0.9967419505119324,-5.792482376098633,-0.0032633685041218996,-8.479331016540527
0,1,0,0.8040310740470886,-1.630145788192749,-0.218117356300354,-9.59703540802002
1,1,1,0.9986225366592407,-6.598330974578857,-0.0013784129405394197,-11.119609832763672
0,0,1,0.7402243614196777,-0.30080196261405945,-1.3479888439178467,-11.213727951049805
2,0,0,0.7898668050765991,-0.2358909547328949,-1.5604968070983887,-9.195392608642578
0,0,1,0.980761706829071,-0.019425757229328156,-3.951951503753662,-10.761530876159668
1,1,1,0.9981434345245361,-6.3003997802734375,-0.001858290983363986,-10.772730827331543
1,1,1,0.9947955012321472,-5.275876998901367,-0.005218089558184147,-9.304573059082031
1,1,1,0.9571645259857178,-3.1578164100646973,-0.04377998411655426,-8.056573867797852
2,1,0,0.5540850758552551,-0.8087497353553772,-0.5904370546340942,-7.600430011749268
1,1,1,0.966339111328125,-3.420698881149292,-0.03424045816063881,-6.936800479888916
0,0,1,0.9985864162445068,-0.0014145837631076574,-6.568022727966309,-11.614376068115234
2,1,0,0.6984869837760925,-1.199428677558899,-0.3588387370109558,-8.827163696289062
2,0,0,0.9239259958267212,-0.07912330329418182,-2.5771520137786865,-9.387367248535156
2,1,0,0.6059800386428833,-0.931485116481781,-0.5009082555770874,-9.868276596069336
0,0,1,0.9881057739257812,-0.011965528130531311,-4.434995174407959,-10.149054527282715
0,0,1,0.5978207588195801,-0.5144643187522888,-0.910935640335083,-10.368552207946777
1,1,1,0.9992313385009766,-7.210289478302002,-0.0007689570775255561,-10.422383308410645
2,1,0,0.8539944291114807,-1.9241594076156616,-0.157830610871315,-11.858959197998047
0,1,0,0.9366397261619568,-2.7591488361358643,-0.0654565691947937,-11.131749153137207
0,0,1,0.9695931673049927,-0.030878709629178047,-3.5012009143829346,-8.31152629852295
0,0,1,0.8829447031021118,-0.12449270486831665,-2.1460013389587402,-9.167236328125
1,1,1,0.9981972575187683,-6.32192850112915,-0.0018043693853542209,-11.970144271850586
0,0,1,0.9658820033073425,-0.03471360355615616,-3.3823318481445312,-8.806278228759766
1,1,1,0.9940694570541382,-5.251250743865967,-0.005948198493570089,-7.279438495635986
1,1,1,0.8354473114013672,-1.8048957586288452,-0.1797879934310913,-9.704336166381836
2,1,0,0.7610951662063599,-1.4319349527359009,-0.2729968726634979,-9.746464729309082
0,0,1,0.9906716346740723,-0.009372146800160408,-4.674727916717529,-14.742981910705566
2,0,0,0.7741142511367798,-0.25603580474853516,-1.4889936447143555,-8.159045219421387
2,1,0,0.8627567291259766,-1.986838698387146,-0.1476225107908249,-9.070274353027344
1,1,1,0.9863641858100891,-4.295896053314209,-0.013729635626077652,-11.373275756835938
0,0,1,0.9902640581130981,-0.00978364609181881,-4.632977485656738,-11.493608474731445
1,1,1,0.9913903474807739,-4.780906677246094,-0.008646929636597633,-8.41623306274414
1,1,1,0.9902588129043579,-4.667248725891113,-0.009788942523300648,-7.977512359619141
2,0,0,0.822914183139801,-0.19490335881710052,-1.7368906736373901,-6.889151096343994
2,1,0,0.8219751119613647,-1.72609543800354,-0.1960451602935791,-9.967168807983398
2,0,0,0.8214379549026489,-0.1966988742351532,-1.7232838869094849,-9.397163391113281
2,1,0,0.8137980699539185,-1.6810276508331299,-0.20604301989078522,-10.855270385742188
1,1,1,0.9908849596977234,-4.701598167419434,-0.009156836196780205,-10.281774520874023
2,1,0,0.8583360910415649,-1.9570372104644775,-0.15275953710079193,-7.855856895446777
0,0,1,0.9864392280578613,-0.013653558678925037,-4.30709981918335,-9.336146354675293
1,1,1,0.9502288699150085,-3.0181829929351807,-0.051052406430244446,-7.034245014190674
0,0,1,0.9327448606491089,-0.06962357461452484,-2.6995596885681152,-10.82151985168457
1,1,1,0.9968819618225098,-5.888221263885498,-0.0031229094602167606,-7.968455791473389
1,1,1,0.9985860586166382,-6.561779975891113,-0.001414941973052919,-14.262445449829102
0,0,1,0.9304829239845276,-0.07205155491828918,-2.6669697761535645,-9.814574241638184
1,1,1,0.575954794883728,-0.8583466410636902,-0.5517261028289795,-8.606478691101074
2,0,0,0.9571186304092407,-0.04382793605327606,-3.152341365814209,-8.952713966369629
2,0,0,0.9862952828407288,-0.013799494132399559,-4.291357040405273,-10.903690338134766
1,1,1,0.9858222603797913,-4.256211280822754,-0.014279203489422798,-13.20163345336914
0,0,1,0.9885791540145874,-0.011486564762890339,-4.473906517028809,-10.915399551391602
2,1,0,0.9059341549873352,-2.3855276107788086,-0.09878864884376526,-6.202001094818115
1,1,1,0.9936987161636353,-5.094428062438965,-0.00632122065871954,-8.677034378051758
2,1,0,0.8001051545143127,-1.6125084161758423,-0.22301211953163147,-7.584958553314209
0,0,1,0.9877027869224548,-0.01237344928085804,-4.39879846572876,-12.173653602600098
1,1,1,0.9871222376823425,-4.694362640380859,-0.012961399741470814,-5.591043472290039
2,0,0,0.9641231298446655,-0.036536265164613724,-3.3289175033569336,-10.010536193847656
1,1,1,0.9932542443275452,-5.0029778480529785,-0.0067686112597584724,-10.487913131713867
2,0,0,0.9964419007301331,-0.0035644443705677986,-5.657207012176514,-9.628092765808105
1,1,1,0.9490006566047668,-2.9768576622009277,-0.05234578996896744,-9.973832130432129
1,1,1,0.7691264152526855,-1.4676576852798462,-0.26249992847442627,-7.802084445953369
2,0,0,0.8104286193847656,-0.210192009806633,-1.6641051769256592,-8.461847305297852
1,1,1,0.997481644153595,-5.995365619659424,-0.0025215321220457554,-10.479331970214844
2,0,0,0.6072478294372559,-0.4988182783126831,-0.934740424156189,-9.650609016418457
2,0,0,0.5429331660270691,-0.6107690334320068,-0.7830617427825928,-9.685522079467773
2,0,0,0.7727922201156616,-0.2577451467514038,-1.4820704460144043,-10.105072975158691
1,1,1,0.9853171706199646,-4.22133731842041,-0.01479168888181448,-12.46611499786377
2,1,0,0.7920402884483337,-1.570513367652893,-0.23314301669597626,-10.756000518798828
1,1,1,0.7518459558486938,-1.3977792263031006,-0.2852238118648529,-6.898990631103516
2,0,0,0.9306762218475342,-0.07184384018182755,-2.672865152359009,-8.21828842163086
2,0,0,0.6656351685523987,-0.40701356530189514,-1.0961849689483643,-8.415511131286621
1,1,1,0.9941905736923218,-5.152801990509033,-0.005826366599649191,-10.54604721069336
0,0,1,0.8656044006347656,-0.1443272829055786,-2.007185935974121,-10.437957763671875
1,1,1,0.986130952835083,-4.285010814666748,-0.013966120779514313,-9.255922317504883
1,1,1,0.9988883137702942,-6.850066661834717,-0.0011123046278953552,-9.857939720153809
1,1,1,0.9989715814590454,-6.927989959716797,-0.001028947765007615,-9.935199737548828
2,1,0,0.9499707818031311,-2.9972636699676514,-0.05132405087351799,-9.155285835266113
0,0,1,0.9930117726325989,-0.007012759335339069,-4.972590923309326,-9.670563697814941
0,1,0,0.8355348110198975,-1.8054533004760742,-0.17968326807022095,-9.637083053588867
1,1,1,0.9788074493408203,-3.8559186458587646,-0.02142033725976944,-10.168810844421387
0,0,1,0.8756881952285767,-0.1327451914548874,-2.086696147918701,-8.443123817443848
2,1,0,0.5436679124832153,-0.7852480411529541,-0.609416663646698,-8.030364036560059
1,1,1,0.8475208282470703,-1.8820674419403076,-0.16543985903263092,-8.496665954589844
1,1,1,0.9947474598884583,-5.278247833251953,-0.0052663832902908325,-8.796857833862305
1,1,1,0.8954558372497559,-2.3452470302581787,-0.11042237281799316,-4.7420654296875
2,1,0,0.8539021015167236,-1.9240305423736572,-0.15793873369693756,-9.426278114318848
2,1,0,0.9811767339706421,-3.9912374019622803,-0.019002677872776985,-7.967920303344727
0,0,1,0.9947845339775085,-0.005229114089161158,-5.257959365844727,-11.553339004516602
2,0,0,0.9859769344329834,-0.014122317545115948,-4.271332740783691,-9.721761703491211
2,1,0,0.8942553400993347,-2.2472968101501465,-0.11176393181085587,-9.719285011291504
1,1,1,0.9686320424079895,-3.4997830390930176,-0.03187046945095062,-6.755819797515869
1,1,1,0.993638813495636,-5.0585174560546875,-0.0063815051689744,-11.995672225952148
2,0,0,0.742630124092102,-0.29755717515945435,-1.3584946393966675,-8.039533615112305
2,1,0,0.9917318224906921,-4.7999114990234375,-0.00830254890024662,-10.186121940612793
0,1,0,0.9062522649765015,-2.368217706680298,-0.09843757003545761,-9.207743644714355
2,0,0,0.6267203688621521,-0.4672548174858093,-0.9858700037002563,-8.708431243896484
0,0,1,0.9940342307090759,-0.005983635783195496,-5.1238298416137695,-11.288043022155762
1,1,1,0.9667693972587585,-3.405977249145508,-0.03379528596997261,-9.786470413208008
0,0,1,0.8755380511283875,-0.132916659116745,-2.084092378616333,-10.077874183654785
0,1,0,0.8360497355461121,-1.8083101511001587,-0.17906717956066132,-10.855518341064453
0,0,1,0.6251680850982666,-0.46973463892936707,-0.9824665784835815,-7.716553688049316
2,0,0,0.8368596434593201,-0.1780989170074463,-1.8134970664978027,-9.76346206665039
1,1,1,0.9973427653312683,-5.944626808166504,-0.0026607713662087917,-10.195090293884277
1,1,1,0.9992067217826843,-7.148874759674072,-0.0007935930043458939,-11.800298690795898
0,0,1,0.7749592065811157,-0.25494489073753357,-1.4918186664581299,-9.463359832763672
2,0,0,0.829831063747406,-0.1865331381559372,-1.7710732221603394,-10.88692855834961
2,1,0,0.953546404838562,-3.070880651473999,-0.04756718873977661,-9.521371841430664
0,0,1,0.7577938437461853,-0.27734389901161194,-1.4233289957046509,-6.648884296417236
1,1,1,0.9916280508041382,-4.793956279754639,-0.008407190442085266,-9.290506362915039
0,0,1,0.9944962859153748,-0.005518915131688118,-5.211220741271973,-9.929353713989258
1,1,1,0.9740100502967834,-3.650702714920044,-0.026333656162023544,-10.978095054626465
2,0,0,0.719772458076477,-0.32882004976272583,-1.2728431224822998,-8.551573753356934
0,0,1,0.9142296314239502,-0.08967350423336029,-2.4609713554382324,-7.779046535491943
1,1,1,0.9863903522491455,-4.299992561340332,-0.013703107833862305,-10.10357666015625
1,1,1,0.9931312203407288,-4.987527847290039,-0.006892478093504906,-9.980414390563965
1,1,1,0.9791809320449829,-3.872772693634033,-0.0210388395935297,-10.898646354675293
0,0,1,0.9972412586212158,-0.002762553747743368,-5.901553153991699,-10.65456485748291
1,1,1,0.9804835319519043,-4.004674911499023,-0.019709428772330284,-6.6559600830078125
0,0,1,0.7936596870422363,-0.23110051453113556,-1.578547477722168,-9.628058433532715
2,1,0,0.8898343443870544,-2.2058050632476807,-0.11671996116638184,-12.466468811035156
1,1,1,0.998263418674469,-6.45660924911499,-0.0017380908830091357,-8.700441360473633
0,1,0,0.7256273031234741,-1.2933982610702515,-0.32071876525878906,-10.2384672164917
1,1,1,0.9918652176856995,-4.826328754425049,-0.008168050087988377,-9.037789344787598
0,0,1,0.9741753339767456,-0.0261639766395092,-3.6572999954223633,-10.694103240966797
0,0,1,0.8946294784545898,-0.11134563386440277,-2.2534871101379395,-7.991851329803467
1,1,1,0.9947288632392883,-5.247469425201416,-0.005285078193992376,-11.476045608520508
2,1,0,0.9606507420539856,-3.2363781929016113,-0.04014436900615692,-10.049583435058594
2,1,0,0.8730034232139587,-2.0654408931732178,-0.1358157992362976,-8.359702110290527
1,1,1,0.9880288243293762,-4.425497055053711,-0.012043407186865807,-12.752763748168945
1,1,1,0.8660000562667847,-2.01011323928833,-0.1438703089952469,-10.538285255432129
0,0,1,0.9973260164260864,-0.002677564974874258,-5.996717929840088,-8.584065437316895
0,0,1,0.9107354879379272,-0.09350277483463287,-2.416736125946045,-9.859553337097168
2,1,0,0.8389045000076294,-1.8260856866836548,-0.17565840482711792,-9.84900188446045
0,0,1,0.9943493008613586,-0.005666724871844053,-5.180182456970215,-10.651066780090332
2,0,0,0.9598609805107117,-0.04096681624650955,-3.2173514366149902,-9.457964897155762
0,1,0,0.8495868444442749,-1.8945696353912354,-0.16300511360168457,-10.410762786865234
1,1,1,0.5329379439353943,-0.7646918892860413,-0.6293503046035767,-6.447340488433838
0,0,1,0.7430257797241211,-0.29702460765838623,-1.3593807220458984,-8.775555610656738
0,1,0,0.6946885585784912,-1.187349796295166,-0.3642916679382324,-8.17061710357666
2,0,0,0.774956464767456,-0.2549484372138977,-1.4988205432891846,-6.406935691833496
0,0,1,0.910226583480835,-0.0940617173910141,-2.41276216506958,-8.488167762756348
1,1,1,0.996013879776001,-5.576803207397461,-0.00399408582597971,-8.509490013122559
2,1,0,0.8582043051719666,-1.956080436706543,-0.15291309356689453,-7.864665508270264
2,0,0,0.6557672023773193,-0.4219494163990021,-1.0737638473510742,-5.986330986022949
0,1,0,0.7465391159057617,-1.3731906414031982,-0.2923072576522827,-8.719245910644531
0,1,0,0.6338292360305786,-1.0050936937332153,-0.4559757113456726,-8.7377290725708
2,1,0,0.6354671716690063,-1.0092037916183472,-0.4533948302268982,-10.651942253112793
1,1,1,0.9462774991989136,-2.9241526126861572,-0.055219411849975586,-11.305524826049805
1,1,1,0.9973799586296082,-5.950250625610352,-0.0026234795805066824,-11.117624282836914
1,1,1,0.9850863218307495,-4.20701789855957,-0.015026004984974861,-10.681007385253906
2,1,0,0.9706750512123108,-3.52947735786438,-0.029763519763946533,-12.26574420928955
2,0,0,0.7438761591911316,-0.2958807051181793,-1.3621238470077515,-11.783638000488281
0,0,1,0.9967104196548462,-0.0032950029708445072,-5.7233991622924805,-10.767909049987793
1,1,1,0.92496258020401,-2.5920209884643555,-0.07800199836492538,-8.687057495117188
0,0,1,0.7310143709182739,-0.31332215666770935,-1.3135614395141602,-8.989218711853027
1,1,1,0.5807473063468933,-0.8705279231071472,-0.5434395670890808,-7.557410717010498
2,1,0,0.7109155654907227,-1.2431118488311768,-0.3412016034126282,-7.41967248916626
2,0,0,0.7795704007148743,-0.2490122765302658,-1.5145704746246338,-7.548405170440674
1,1,1,0.9819345474243164,-4.014484405517578,-0.018230624496936798,-11.235137939453125
1,1,1,0.5820596218109131,-0.8725888729095459,-0.5411823987960815,-9.538711547851562
1,1,1,0.9938123226165771,-5.271366119384766,-0.006206900347024202,-6.857980728149414
0,1,0,0.5993509292602539,-0.9148301482200623,-0.5119079947471619,-9.650930404663086
2,0,0,0.5207185745239258,-0.6525455713272095,-0.7360912561416626,-8.11528205871582
2,1,0,0.7613739371299744,-1.4331687688827515,-0.2726306617259979,-9.508234024047852
1,1,1,0.9985130429267883,-6.511729717254639,-0.0014880637172609568,-13.784688949584961
2,1,0,0.9370155334472656,-2.783806800842285,-0.06505541503429413,-6.740833282470703
2,0,0,0.9840818643569946,-0.01604619063436985,-4.1660380363464355,-7.8129191398620605
1,1,1,0.9090238809585571,-2.3973467350006104,-0.0953839123249054,-10.977622032165527
2,0,0,0.9044501781463623,-0.10042818635702133,-2.3482165336608887,-11.463052749633789
1,1,1,0.9311476945877075,-2.6774871349334717,-0.07133737206459045,-9.056262969970703
2,0,0,0.7785928845405579,-0.250266969203949,-1.508026123046875,-9.709115982055664
1,1,1,0.9796180129051208,-3.904278516769409,-0.020592566579580307,-8.392693519592285
1,1,1,0.9755725860595703,-3.7261295318603516,-0.024730712175369263,-7.98193359375
0,1,0,0.5717424750328064,-0.8486669659614563,-0.5590665936470032,-8.20805835723877
1,1,1,0.9983344674110413,-6.405920028686523,-0.00166692107450217,-11.193130493164062
2,0,0,0.8567951321601868,-0.15455643832683563,-1.9496757984161377,-7.030370235443115
1,1,1,0.9874507188796997,-4.382418632507324,-0.012628688476979733,-9.822813987731934
0,0,1,0.6471067667007446,-0.43524399399757385,-1.0419602394104004,-8.942288398742676
0,0,1,0.9925262928009033,-0.007501775398850441,-4.925120830535889,-8.459489822387695
1,1,1,0.9393845200538635,-2.8069064617156982,-0.06253038346767426,-8.4039306640625
2,0,0,0.8526487946510315,-0.15940754115581512,-1.9172629117965698,-7.979331016540527
2,1,0,0.9297979474067688,-2.6570003032684326,-0.07278797775506973,-10.038369178771973
1,1,1,0.9907646179199219,-4.7292160987854,-0.009278292767703533,-7.819133281707764
0,0,1,0.9335319399833679,-0.06878010183572769,-2.711712121963501,-10.007927894592285
0,0,1,0.9926635026931763,-0.007363541983067989,-4.937762260437012,-8.704020500183105
1,1,1,0.8877612352371216,-2.1883089542388916,-0.11905231326818466,-8.928620338439941
2,1,0,0.7378959655761719,-1.3396950960159302,-0.3039524257183075,-8.630928039550781
1,0,0,0.8633541464805603,-0.14693030714988708,-1.9922127723693848,-8.283903121948242
1,1,1,0.9515059590339661,-3.026966094970703,-0.04970932751893997,-10.363306045532227
0,0,1,0.9293158650398254,-0.07330659031867981,-2.649742841720581,-11.126620292663574
2,1,0,0.6169642210006714,-0.9631596803665161,-0.4829442501068115,-6.6070780754089355
2,1,0,0.9443624019622803,-2.8889594078063965,-0.05724528431892395,-12.576150894165039
0,0,1,0.9974120259284973,-0.0025913286954164505,-5.959496974945068,-11.907008171081543
0,0,1,0.6533201932907104,-0.4256879389286041,-1.0631572008132935,-6.633064270019531
2,1,0,0.8918049335479736,-2.2281410694122314,-0.11450785398483276,-7.670168876647949
1,1,1,0.9990587830543518,-6.970491886138916,-0.0009416601969860494,-13.079781532287598
2,1,0,0.9825659990310669,-4.0496931076049805,-0.01758776232600212,-11.97548770904541
1,1,1,0.9896928668022156,-4.6031389236450195,-0.010360619984567165,-8.156848907470703
1,1,1,0.9919254183769226,-4.821662425994873,-0.008107357658445835,-10.75875186920166
0,0,1,0.893240213394165,-0.11289973556995392,-2.240602970123291,-7.914490222930908
2,0,0,0.5847872495651245,-0.5365071892738342,-0.8790307641029358,-10.494585990905762
0,0,1,0.9297311305999756,-0.07285983860492706,-2.6557421684265137,-10.715302467346191
2,0,0,0.9214449524879456,-0.08181224018335342,-2.5459046363830566,-8.785274505615234
2,1,0,0.7670036554336548,-1.457405686378479,-0.26526370644569397,-8.760919570922852
1,1,1,0.9959111213684082,-5.528844356536865,-0.0040972610004246235,-9.041680335998535
2,0,0,0.9568074941635132,-0.044153064489364624,-3.145648956298828,-8.781904220581055
1,1,1,0.9836975932121277,-4.116805076599121,-0.016436753794550896,-12.044560432434082
0,0,1,0.8480002880096436,-0.16487430036067963,-1.8850181102752686,-8.660290718078613
2,0,0,0.897831380367279,-0.10777299851179123,-2.2824947834014893,-8.879220008850098
1,1,1,0.9975161552429199,-6.052494525909424,-0.0024869346525520086,-8.933906555175781
0,0,1,0.8954669237136841,-0.11040999740362167,-2.25836181640625,-11.374042510986328
0,0,1,0.9984807372093201,-0.0015204180963337421,-6.49038028717041,-13.563007354736328
2,0,0,0.897957444190979,-0.1076325997710228,-2.2858657836914062,-7.939058303833008
2,0,0,0.7604093551635742,-0.2738983631134033,-1.4288513660430908,-11.922505378723145
1,1,1,0.9959033131599426,-5.5066142082214355,-0.004105101339519024,-10.208311080932617
1,1,1,0.9926451444625854,-4.959525108337402,-0.007382035721093416,-7.990857124328613
1,1,1,0.9976945519447327,-6.076833724975586,-0.002308109775185585,-11.511367797851562
2,0,0,0.8249382972717285,-0.19244669377803802,-1.743181586265564,-9.222121238708496
1,1,1,0.8665610551834106,-2.0229437351226807,-0.1432226449251175,-6.747840404510498
1,1,1,0.9912784695625305,-4.744896411895752,-0.008759785443544388,-10.576292037963867
2,1,0,0.7865816950798035,-1.5504157543182373,-0.24005869030952454,-6.677783966064453
2,1,0,0.8870137333869934,-2.181475877761841,-0.11989481002092361,-9.101741790771484
2,1,0,0.9960488677024841,-5.544885635375977,-0.00395895866677165,-10.036940574645996
0,1,0,0.8922993540763855,-2.229602813720703,-0.1139536052942276,-8.951706886291504
1,1,1,0.954483687877655,-3.0911831855773926,-0.04658472537994385,-9.593355178833008
2,0,0,0.7073310613632202,-0.34625646471977234,-1.229400396347046,-8.51211929321289
2,1,0,0.9750397205352783,-3.6915054321289062,-0.025277070701122284,-10.56276798248291
2,1,0,0.8074102997779846,-1.6620452404022217,-0.21392332017421722,-5.8642425537109375
1,1,1,0.9921761155128479,-4.859967231750488,-0.007854651659727097,-9.523576736450195
2,1,0,0.9910163879394531,-4.722194194793701,-0.009024208411574364,-9.338448524475098
2,0,0,0.6462964415550232,-0.4364970028400421,-1.0393128395080566,-12.040409088134766
2,0,0,0.6717984676361084,-0.3977968990802765,-1.1145126819610596,-8.976131439208984
2,1,0,0.95299232006073,-3.058128595352173,-0.04814843460917473,-10.34319019317627
1,1,1,0.9990655779838562,-7.015657901763916,-0.0009348588646389544,-10.211692810058594
2,0,0,0.8180389404296875,-0.20084534585475922,-1.704362392425537,-9.528385162353516
0,0,1,0.7170288562774658,-0.3326391875743866,-1.2626023292541504,-9.81911563873291
1,1,1,0.9980713725090027,-6.256942272186279,-0.001930489670485258,-11.367804527282715
2,0,0,0.5600270628929138,-0.5797701478004456,-0.8214995265007019,-8.510725021362305
1,1,1,0.9975671768188477,-6.065373420715332,-0.002435787348076701,-9.106378555297852
1,1,1,0.9979146122932434,-6.1968793869018555,-0.002087565138936043,-9.912557601928711
1,1,1,0.9972519278526306,-6.067704677581787,-0.002751854946836829,-7.748060703277588
1,1,1,0.9957977533340454,-5.473076343536377,-0.004211100749671459,-12.440572738647461
2,0,0,0.7978181838989258,-0.22587454319000244,-1.598756194114685,-10.286792755126953
2,1,0,0.6828057765960693,-1.148528814315796,-0.381544828414917,-9.301116943359375
0,0,1,0.9321351647377014,-0.07027744501829147,-2.694730520248413,-8.097676277160645
1,1,1,0.9981402158737183,-6.305765151977539,-0.0018615156877785921,-10.287092208862305
1,1,1,0.9787588119506836,-3.8532276153564453,-0.021470028907060623,-10.415249824523926
2,1,0,0.8642239570617676,-2.0210464000701904,-0.14592333137989044,-5.726239204406738
1,1,1,0.9946523904800415,-5.2422051429748535,-0.005361959338188171,-9.737874031066895
1,1,1,0.9984076619148254,-6.445470809936523,-0.0015936072450131178,-12.272711753845215
2,0,0,0.627751886844635,-0.4656102657318115,-0.9890010356903076,-8.111557006835938
1,1,1,0.994886577129364,-5.306847095489502,-0.005126541014760733,-8.766253471374512
2,1,0,0.8925318717956543,-2.2322185039520264,-0.11369305104017258,-8.633727073669434
2,1,0,0.8991154432296753,-2.3138108253479004,-0.1063438355922699,-6.214208602905273
1,1,1,0.9949706196784973,-5.338385581970215,-0.005042070057243109,-8.395854949951172
2,1,0,0.5242135524749756,-0.74468594789505,-0.6458561420440674,-7.009731769561768
1,1,1,0.9970525503158569,-5.880888938903809,-0.002951801987364888,-8.771476745605469
1,1,1,0.9923500418663025,-4.873829364776611,-0.007679369300603867,-12.041438102722168
1,1,1,0.9970372915267944,-6.031820297241211,-0.002967105945572257,-7.484665870666504
1,1,1,0.9992720484733582,-7.375255584716797,-0.0007282166043296456,-9.196125030517578
2,0,0,0.9581860899925232,-0.04271326959133148,-3.184255599975586,-7.811945915222168
1,1,1,0.9932739734649658,-5.00422477722168,-0.0067487480118870735,-11.014232635498047
0,0,1,0.6005695462226868,-0.5098768472671509,-0.9182658791542053,-8.423157691955566
0,1,0,0.6260802745819092,-0.9838807582855225,-0.4682766795158386,-9.683367729187012
1,1,1,0.9443719983100891,-2.891286849975586,-0.057235125452280045,-9.00085735321045
1,1,1,0.9990749359130859,-7.019289493560791,-0.000925492204260081,-10.394901275634766
1,0,0,0.6030733585357666,-0.5057164430618286,-0.9270455241203308,-6.7208476066589355
1,1,1,0.9619731903076172,-3.2759761810302734,-0.038768697530031204,-8.30659008026123
0,0,1,0.996359646320343,-0.00364699587225914,-5.7088470458984375,-8.035176277160645
1,1,1,0.7226609587669373,-1.2837432622909546,-0.3248150944709778,-7.984896183013916
1,1,1,0.9923311471939087,-4.872171878814697,-0.007698409724980593,-11.316354751586914
2,0,0,0.771428108215332,-0.259511798620224,-1.4759763479232788,-11.01455307006836
2,1,0,0.5802767872810364,-0.8686075806617737,-0.5442500710487366,-8.579460144042969
1,1,1,0.9906235337257385,-4.680778503417969,-0.00942070223391056,-9.164703369140625
2,1,0,0.9945043921470642,-5.210307598114014,-0.005510764196515083,-10.243422508239746
2,1,0,0.7289155721664429,-1.306373119354248,-0.31619736552238464,-8.166333198547363
0,0,1,0.9810152053833008,-0.01916731894016266,-3.966398239135742,-10.046783447265625
1,1,1,0.9969692826271057,-5.815805435180664,-0.003035319270566106,-9.889262199401855
1,1,1,0.9940232634544373,-5.148190498352051,-0.005994668696075678,-8.698805809020996
1,1,1,0.9856210350990295,-4.257728576660156,-0.014483343809843063,-8.40157699584961
0,0,1,0.9619295001029968,-0.03881411626935005,-3.2683944702148438,-12.725174903869629
1,1,1,0.8864415884017944,-2.188284397125244,-0.12054004520177841,-6.536559581756592
1,1,1,0.975976288318634,-3.81107497215271,-0.02431698702275753,-6.266232013702393
2,0,0,0.7766633033752441,-0.2527483403682709,-1.5109256505966187,-5.9403395652771
0,0,1,0.8702580332756042,-0.13896551728248596,-2.0464210510253906,-7.513787269592285
1,1,1,0.5463557839393616,-0.8039873838424683,-0.6044849157333374,-5.098914623260498
1,1,1,0.9847805500030518,-4.187317371368408,-0.015336454845964909,-10.336812973022461
2,1,0,0.9618789553642273,-3.267706871032715,-0.03886666148900986,-10.504846572875977
2,1,0,0.7605693340301514,-1.4296623468399048,-0.27368801832199097,-10.102411270141602
2,1,0,0.9986193180084229,-6.601703643798828,-0.0013816360151395202,-10.696186065673828
1,1,1,0.9986127614974976,-6.593042373657227,-0.0013882016064599156,-10.959342956542969
1,1,1,0.982256293296814,-4.031853199005127,-0.01790301315486431,-12.95947265625
0,0,1,0.9878435134887695,-0.012230981141328812,-4.409948348999023,-14.22215747833252
0,0,1,0.9958426356315613,-0.004166030324995518,-5.510826587677002,-9.074812889099121
1,1,1,0.9922915101051331,-4.870533466339111,-0.007738353684544563,-10.146527290344238
2,1,0,0.9820932149887085,-4.026647090911865,-0.018069051206111908,-9.527785301208496
1,1,1,0.9989491105079651,-6.881106853485107,-0.0010514421155676246,-10.639362335205078
1,1,1,0.9691972732543945,-3.5013089179992676,-0.03128710389137268,-7.346567153930664
2,1,0,0.8035292029380798,-1.6276034116744995,-0.2187417447566986,-9.5521821975708
2,1,0,0.9508782625198364,-3.0138661861419678,-0.05036923289299011,-10.807208061218262
0,0,1,0.9939703941345215,-0.0060478574596345425,-5.129331111907959,-9.122652053833008
2,1,0,0.8720908761024475,-2.0568790435791016,-0.136861652135849,-9.77617359161377
2,1,0,0.5196573734283447,-0.7335264086723328,-0.654585599899292,-8.94799518585205
1,1,1,0.916251003742218,-2.4857449531555176,-0.08746492862701416,-7.630349636077881
1,1,1,0.6260340213775635,-0.9839775562286377,-0.4683505594730377,-8.840682029724121
2,0,0,0.8099610805511475,-0.21076901257038116,-1.6605970859527588,-11.217795372009277
2,0,0,0.8727800250053406,-0.13607172667980194,-2.075230121612549,-6.381572246551514
1,1,1,0.9810913801193237,-3.9730000495910645,-0.019089674577116966,-9.296473503112793
2,0,0,0.9950132966041565,-0.00499917846173048,-5.317936420440674,-9.38592529296875
2,1,0,0.8098726272583008,-1.6604455709457397,-0.21087829768657684,-9.52349853515625
2,1,0,0.8385471701622009,-1.8242124319076538,-0.17608444392681122,-9.1322021484375
0,1,0,0.524591326713562,-0.7446091771125793,-0.645135760307312,-7.623533248901367
1,1,1,0.9680324196815491,-3.4434900283813477,-0.032489702105522156,-11.133204460144043
2,1,0,0.9658181667327881,-3.379653215408325,-0.03477969393134117,-9.006725311279297
0,1,0,0.7907323837280273,-1.5642938613891602,-0.2347957044839859,-10.353590965270996
2,1,0,0.9302177429199219,-2.6630935668945312,-0.0723365843296051,-9.902275085449219
2,1,0,0.6300250887870789,-0.9945969581604004,-0.4619956314563751,-9.186332702636719
2,0,0,0.8706737160682678,-0.13848797976970673,-2.0455355644226074,-11.086102485656738
0,0,1,0.8728402256965637,-0.13600274920463562,-2.063375949859619,-8.907869338989258
0,0,1,0.991536021232605,-0.008500001393258572,-4.774563312530518,-10.715914726257324
2,1,0,0.9298709034919739,-2.6583409309387207,-0.07270951569080353,-9.645166397094727
1,0,0,0.7703407406806946,-0.2609223425388336,-1.471211314201355,-11.32131576538086
0,1,0,0.8435651659965515,-1.857578992843628,-0.17011812329292297,-7.862663269042969
0,0,1,0.971988320350647,-0.028411490842700005,-3.5822818279266357,-8.519447326660156
2,0,0,0.9127793908119202,-0.09126105904579163,-2.4398303031921387,-10.010505676269531
1,1,1,0.9997298121452332,-8.262864112854004,-0.00027022435097023845,-11.311698913574219
0,0,1,0.9218298196792603,-0.08139465004205704,-2.5540876388549805,-7.806697368621826
0,0,1,0.9570094347000122,-0.043942030519247055,-3.151423931121826,-8.520051002502441
2,1,0,0.9658192992210388,-3.378021717071533,-0.034778524190187454,-9.627548217773438
2,1,0,0.617256760597229,-0.9618645906448364,-0.48247021436691284,-7.4810357093811035
1,1,1,0.9943457245826721,-5.17900276184082,-0.005670321173965931,-10.78969669342041
2,1,0,0.7663806676864624,-1.4568088054656982,-0.2660762667655945,-7.352786540985107
1,1,1,0.9858711361885071,-4.2869977951049805,-0.014229626394808292,-7.8683366775512695
2,1,0,0.7676717638969421,-1.4596244096755981,-0.26439303159713745,-12.266379356384277
1,1,1,0.9797025322914124,-3.9015791416168213,-0.020506292581558228,-9.343877792358398
2,0,0,0.6304715275764465,-0.4612872898578644,-0.9957148432731628,-9.57790470123291
0,1,0,0.8526071310043335,-1.9351149797439575,-0.15945641696453094,-5.8140974044799805
0,1,0,0.5904617309570312,-0.8928279280662537,-0.5268505811691284,-10.072213172912598
0,0,1,0.940514862537384,-0.06132782623171806,-2.822941780090332,-9.82109260559082
2,0,0,0.691948413848877,-0.36824387311935425,-1.1777408123016357,-9.460762023925781
1,1,1,0.9994034767150879,-7.458512306213379,-0.0005967012839391828,-10.821703910827637
0,0,1,0.9420982003211975,-0.05964576452970505,-2.8491766452789307,-11.522843360900879
2,0,0,0.9225664734840393,-0.08059585094451904,-2.5588252544403076,-10.180399894714355
0,0,1,0.9731695055961609,-0.02719700336456299,-3.6206915378570557,-9.620317459106445
1,1,1,0.9995298385620117,-7.664863586425781,-0.0004702720034401864,-13.718798637390137
2,1,0,0.9063078761100769,-2.3680686950683594,-0.09837621450424194,-10.390347480773926
2,1,0,0.7642538547515869,-1.4451014995574951,-0.2688552737236023,-10.637876510620117
2,1,0,0.8194403648376465,-1.7125208377838135,-0.19913364946842194,-8.810320854187012
2,0,0,0.7960717678070068,-0.22806593775749207,-1.5919041633605957,-7.848172664642334
1,1,1,0.9942902326583862,-5.185512542724609,-0.005726130213588476,-9.090688705444336
2,1,0,0.7483334541320801,-1.381984829902649,-0.2899066209793091,-7.4408369064331055
1,1,1,0.9901171326637268,-4.622467994689941,-0.009932027198374271,-9.820805549621582
1,1,1,0.8105507493019104,-1.6650311946868896,-0.2100413292646408,-8.237804412841797
1,1,1,0.9985347986221313,-6.535668849945068,-0.001466275891289115,-11.142242431640625
0,0,1,0.8197028636932373,-0.19881336390972137,-1.7145109176635742,-8.312594413757324
1,1,1,0.9943615198135376,-5.319986820220947,-0.005654436536133289,-7.201207637786865
2,1,0,0.8261705040931702,-1.7511019706726074,-0.19095410406589508,-8.306156158447266
2,0,0,0.883941113948822,-0.12336482852697372,-2.15435791015625,-9.417593955993652
1,1,1,0.847718358039856,-1.884464144706726,-0.16520681977272034,-7.898859024047852
2,1,0,0.5046159625053406,-0.7424023747444153,-0.6839575171470642,-3.941713571548462
2,1,0,0.878738284111023,-2.11136794090271,-0.12926816940307617,-8.57106876373291
2,1,0,0.6724472641944885,-1.1164981126785278,-0.39683160185813904,-8.96093463897705
1,1,1,0.973651111125946,-3.64137601852417,-0.026702241972088814,-8.92775821685791
0,0,1,0.9756677746772766,-0.024633144959807396,-3.7197482585906982,-9.29256820678711
1,1,1,0.884084939956665,-2.1552937030792236,-0.1232021376490593,-9.988974571228027
0,0,1,0.908252477645874,-0.09623287618160248,-2.3887939453125,-11.833209991455078
0,0,1,0.9641520977020264,-0.03650622069835663,-3.3297219276428223,-10.012369155883789
1,1,1,0.9957982897758484,-5.4762349128723145,-0.0042105624452233315,-11.00547981262207
0,1,0,0.7350738644599915,-1.328354001045227,-0.3077842891216278,-11.239838600158691
2,1,0,0.6040169596672058,-0.9286820292472839,-0.5041530132293701,-7.003136157989502
2,1,0,0.5969986319541931,-0.9088448882102966,-0.515840470790863,-11.33414363861084
2,1,0,0.959962010383606,-3.2189841270446777,-0.040861569344997406,-10.070377349853516
1,1,1,0.9161615371704102,-2.478929042816162,-0.08756257593631744,-12.108482360839844
2,1,0,0.6505845189094543,-1.051605463027954,-0.42988407611846924,-10.150964736938477
1,0,0,0.7006871104240417,-0.35569384694099426,-1.2072429656982422,-8.137496948242188
2,0,0,0.7135512232780457,-0.33750104904174805,-1.252336025238037,-7.397964000701904
2,1,0,0.9586818218231201,-3.1998069286346436,-0.042196039110422134,-7.509174346923828
2,1,0,0.6248430609703064,-0.9808324575424194,-0.4702547788619995,-8.751781463623047
2,0,0,0.993448793888092,-0.006572759244590998,-5.073783874511719,-8.136880874633789
0,0,1,0.9869274497032166,-0.013158747926354408,-4.3619866371154785,-8.048694610595703
0,0,1,0.6987060904502869,-0.3585250973701477,-1.2018765211105347,-7.316662788391113
2,1,0,0.5900553464889526,-0.8918158411979675,-0.5275389552116394,-10.290855407714844
2,1,0,0.8577460646629333,-1.9526820182800293,-0.15344718098640442,-7.926675319671631
0,0,1,0.9792146682739258,-0.021004388108849525,-3.9042704105377197,-7.370372772216797
2,1,0,0.8131189346313477,-1.677304983139038,-0.20687788724899292,-12.39568042755127
1,1,1,0.9966980218887329,-5.715215682983398,-0.0033074417151510715,-11.937173843383789
2,0,0,0.9813924431800842,-0.018782855942845345,-3.9878427982330322,-9.598617553710938
2,0,0,0.6284177899360657,-0.46455007791519165,-0.9905973672866821,-8.388616561889648
0,0,1,0.9746055006980896,-0.025722503662109375,-3.676030397415161,-9.549029350280762
1,1,1,0.995262622833252,-5.375468730926514,-0.004748634062707424,-9.127418518066406
2,1,0,0.914659857749939,-2.4612057209014893,-0.08920302242040634,-11.713725090026855
1,1,1,0.9902781844139099,-4.710727214813232,-0.009769381023943424,-7.231261730194092
1,1,1,0.9968060255050659,-5.775750637054443,-0.003199086058884859,-9.291837692260742
1,1,1,0.9100788235664368,-2.4095449447631836,-0.09422406554222107,-9.640944480895996
1,1,1,0.9974924325942993,-5.990586757659912,-0.002510716672986746,-12.139249801635742
0,0,1,0.8335009813308716,-0.1821203976869583,-1.8099422454833984,-5.8655548095703125
1,1,1,0.9983192086219788,-6.400550365447998,-0.001682205474935472,-10.812469482421875
1,1,1,0.9909811615943909,-4.710934638977051,-0.009059754200279713,-10.703856468200684
0,0,1,0.6430779099464417,-0.44148939847946167,-1.0307141542434692,-8.68000316619873
1,1,1,0.9975312948226929,-6.166655540466309,-0.0024717573542147875,-7.900856971740723
2,0,0,0.6661366820335388,-0.4062604010105133,-1.0973342657089233,-9.173943519592285
1,1,1,0.96458500623703,-3.3415367603302,-0.03605731576681137,-10.335837364196777
0,0,1,0.9568902254104614,-0.04406660050153732,-3.145949363708496,-9.38768196105957
1,1,1,0.9976984858512878,-6.080738544464111,-0.0023041667882353067,-11.104110717773438
2,0,0,0.8507407307624817,-0.16164785623550415,-1.9037014245986938,-8.321205139160156
0,0,1,0.6570587754249573,-0.41998180747032166,-1.0703341960906982,-9.959250450134277
0,1,0,0.534639298915863,-0.765751302242279,-0.6261629462242126,-7.885365009307861
2,1,0,0.9170037508010864,-2.4892420768737793,-0.08664371818304062,-10.66130542755127
0,0,1,0.9949045181274414,-0.0051085082814097404,-5.281089782714844,-11.659466743469238
1,1,1,0.9463909864425659,-2.9397482872009277,-0.0550994910299778,-7.222409725189209
1,1,1,0.9228258728981018,-2.5907907485961914,-0.08031471818685532,-6.113250255584717
1,1,1,0.9614636898040771,-3.2576446533203125,-0.03929847851395607,-9.765641212463379
0,1,0,0.7129181623458862,-1.2488410472869873,-0.3383886516094208,-8.315185546875
2,1,0,0.9212816953659058,-2.5431227684020996,-0.08198942989110947,-9.233011245727539
1,1,1,0.9973375201225281,-5.932583808898926,-0.0026660305447876453,-11.429628372192383
2,1,0,0.5391179323196411,-0.7749450206756592,-0.6178209185600281,-8.785209655761719
2,1,0,0.5809107422828674,-0.8716260194778442,-0.5431581735610962,-7.108213424682617
2,0,0,0.5354544520378113,-0.6246394515037537,-0.7675475478172302,-7.835000038146973
2,1,0,0.9036270976066589,-2.340843677520752,-0.10133850574493408,-8.975163459777832
1,1,1,0.999293327331543,-7.273248672485352,-0.0007069224957376719,-11.266180992126465
1,1,1,0.996234118938446,-5.657061576843262,-0.003772989846765995,-8.205465316772461
1,1,1,0.9992504715919495,-7.212737083435059,-0.0007498094346374273,-11.299485206604004
2,0,0,0.7511209845542908,-0.286188542842865,-1.3909848928451538,-9.925178527832031
0,0,1,0.9110457897186279,-0.09316211938858032,-2.4197306632995605,-11.651288986206055
2,0,0,0.6141823530197144,-0.48746341466903687,-0.9528511762619019,-8.635122299194336
1,1,1,0.9770265221595764,-3.789250373840332,-0.023241480812430382,-7.926675796508789
0,0,1,0.9958250522613525,-0.004183687269687653,-5.483242034912109,-10.866917610168457
1,1,1,0.9907547831535339,-4.6996169090271,-0.009288218803703785,-8.828790664672852
0,1,0,0.519498348236084,-0.7334429621696472,-0.6548916697502136,-8.298171997070312
1,1,1,0.9991602897644043,-7.139275550842285,-0.0008400629740208387,-9.978672981262207
0,0,1,0.8742482662200928,-0.13439089059829712,-2.074496269226074,-8.93228530883789
0,1,0,0.8581460118293762,-1.953072428703308,-0.1529810130596161,-11.019660949707031
2,0,0,0.9189369678497314,-0.08453774452209473,-2.513150930404663,-9.894542694091797
2,0,0,0.9736089706420898,-0.026745524257421494,-3.6358659267425537,-10.417125701904297
1,1,1,0.9250866174697876,-2.6003577709198,-0.07786790281534195,-7.31375789642334
0,1,0,0.8180223107337952,-1.707297682762146,-0.20086567103862762,-7.381814002990723
2,1,0,0.6844030022621155,-1.1555424928665161,-0.37920835614204407,-7.249768257141113
0,1,0,0.7061965465545654,-1.2289741039276123,-0.3478616178035736,-6.71645975112915
1,1,1,0.9822579026222229,-4.032694339752197,-0.017901375889778137,-11.068036079406738
2,1,0,0.8824605345726013,-2.141517400741577,-0.12504121661186218,-9.672223091125488
2,1,0,0.9837803244590759,-4.122075080871582,-0.01635265350341797,-11.636005401611328
0,1,0,0.6241100430488586,-0.9794413447380066,-0.4714285731315613,-7.904311180114746
0,1,0,0.710229754447937,-1.24014413356781,-0.3421667516231537,-7.757023334503174
2,0,0,0.8573468327522278,-0.1539127379655838,-1.9476089477539062,-10.164459228515625
1,1,1,0.9990621209144592,-6.993099212646484,-0.0009383191936649382,-10.834613800048828
2,1,0,0.9711689949035645,-3.5565993785858154,-0.02925478294491768,-8.127460479736328
0,0,1,0.973825991153717,-0.026522645726799965,-3.6643736362457275,-7.498556137084961
2,1,0,0.8797283172607422,-2.118284225463867,-0.12814214825630188,-10.29017448425293
1,0,0,0.5020017027854919,-0.6891517639160156,-0.6973820328712463,-9.103986740112305
2,1,0,0.7299560308456421,-1.3188817501068115,-0.31477096676826477,-5.948482513427734
1,1,1,0.9934715032577515,-5.033668518066406,-0.006549900397658348,-11.202404975891113
1,1,1,0.9801328182220459,-3.9297189712524414,-0.020067187026143074,-8.431126594543457
1,1,1,0.9312441349029541,-2.6786561012268066,-0.07123380899429321,-9.205714225769043
1,1,1,0.9974663257598877,-6.0023040771484375,-0.002536889398470521,-9.71033000946045
0,0,1,0.7996892929077148,-0.22353202104568481,-1.6091430187225342,-8.287131309509277
2,1,0,0.6881722807884216,-1.1860630512237549,-0.3737160563468933,-5.050459384918213
0,0,1,0.9913784265518188,-0.008658953942358494,-4.754662990570068,-11.499691009521484
1,1,1,0.9365333914756775,-2.7703611850738525,-0.06557010114192963,-7.097347259521484
0,0,1,0.9981399774551392,-0.001861754572018981,-6.288159370422363,-13.243492126464844
1,1,1,0.9961323738098145,-5.613193988800049,-0.0038751247338950634,-8.430147171020508
1,1,1,0.975142776966095,-3.7043204307556152,-0.02517138049006462,-8.333707809448242
0,0,1,0.9574012160301208,-0.043532732874155045,-3.1563291549682617,-10.982851028442383
1,1,1,0.9961678385734558,-5.566469192504883,-0.0038395230658352375,-11.708951950073242
0,0,1,0.9919542670249939,-0.008078274317085743,-4.82430362701416,-11.203716278076172
1,1,1,0.9918590188026428,-4.82051944732666,-0.008174300193786621,-9.453963279724121
1,1,1,0.9726502895355225,-3.5999772548675537,-0.027730675414204597,-10.581727981567383
0,0,1,0.808919370174408,-0.21205604076385498,-1.6561611890792847,-8.4669771194458
1,1,1,0.9959741234779358,-5.534584045410156,-0.004034002311527729,-9.458406448364258
2,1,0,0.8404354453086853,-1.8365896940231323,-0.1738351285457611,-8.494732856750488
1,1,1,0.9779161810874939,-3.8132705688476562,-0.022331317886710167,-11.736534118652344
1,1,1,0.9934980869293213,-5.040770530700684,-0.006523142568767071,-10.31348705291748
2,1,0,0.9868596196174622,-4.333426475524902,-0.013227478601038456,-10.931784629821777
0,0,1,0.9984198808670044,-0.0015813688514754176,-6.490307331085205,-9.687932968139648
1,1,1,0.9316762685775757,-2.6861026287078857,-0.07076987624168396,-8.6351318359375
2,0,0,0.6716187596321106,-0.39806443452835083,-1.1136149168014526,-11.375646591186523
2,0,0,0.6088122129440308,-0.496245414018631,-0.9393754601478577,-8.060133934020996
2,0,0,0.9302143454551697,-0.07234024256467819,-2.6718270778656006,-7.32349967956543
1,1,1,0.9983751773834229,-6.423186302185059,-0.001626144046895206,-13.51166820526123
0,0,1,0.9897213578224182,-0.010331831872463226,-4.582843780517578,-9.847025871276855
2,1,0,0.8423910737037659,-1.8477771282196045,-0.17151091992855072,-10.733423233032227
2,0,0,0.5497338771820068,-0.5983209609985352,-0.7979264855384827,-12.309972763061523
0,0,1,0.9720907807350159,-0.028306083753705025,-3.581602096557617,-9.45706844329834
1,1,1,0.9911178946495056,-4.747254848480225,-0.008921786211431026,-8.484673500061035
2,0,0,0.6995013356208801,-0.35738757252693176,-1.2031794786453247,-8.252523422241211
0,0,1,0.8515738844871521,-0.1606690138578415,-1.908393144607544,-9.136573791503906
2,0,0,0.8092910051345825,-0.21159671247005463,-1.657043218612671,-11.873186111450195
2,0,0,0.8004647493362427,-0.2225627899169922,-1.6118249893188477,-11.321294784545898
2,0,0,0.9641918540000916,-0.036464985460042953,-3.339934825897217,-7.905185222625732
1,1,1,0.9971383810043335,-5.874372482299805,-0.0028657212387770414,-9.881099700927734
1,1,1,0.9714393615722656,-3.5725297927856445,-0.028976429253816605,-7.650179862976074
2,1,0,0.7546026110649109,-1.4051439762115479,-0.28156399726867676,-9.631247520446777
2,1,0,0.9149075746536255,-2.4648118019104004,-0.08893223106861115,-9.601905822753906
0,1,0,0.5137754082679749,-0.7212030291557312,-0.6659690737724304,-9.762842178344727
2,0,0,0.5818548798561096,-0.5415341854095459,-0.8719526529312134,-11.433513641357422
2,1,0,0.9541622400283813,-3.082836866378784,-0.04692155867815018,-11.657451629638672
2,0,0,0.9802652597427368,-0.01993207074701786,-3.9290850162506104,-9.522539138793945
2,0,0,0.7838534712791443,-0.2435331791639328,-1.5324358940124512,-8.89112663269043
2,0,0,0.6836896538734436,-0.3802511990070343,-1.1534278392791748,-7.185935020446777
1,1,1,0.9880942702293396,-4.433260440826416,-0.011977170594036579,-10.413422584533691
0,0,1,0.9981032609939575,-0.001898540067486465,-6.268331050872803,-13.577452659606934
1,1,1,0.9935584664344788,-5.054144859313965,-0.006462369579821825,-9.743255615234375
2,1,0,0.9922714233398438,-4.864047527313232,-0.007758596912026405,-11.573249816894531
2,1,0,0.9197386503219604,-2.524791717529297,-0.08366572111845016,-8.587898254394531
0,0,1,0.9494836330413818,-0.05183698609471321,-2.9861912727355957,-10.202778816223145
2,1,0,0.8593159317970276,-1.9652835130691528,-0.15161862969398499,-7.473585605621338
0,0,1,0.9968690276145935,-0.003135884180665016,-5.777220726013184,-10.30172348022461
1,1,1,0.9612651467323303,-3.25152850151062,-0.0395050011575222,-10.826249122619629
1,1,1,0.9829912185668945,-4.074612617492676,-0.01715509220957756,-11.51287841796875
2,1,0,0.7783921957015991,-1.508660078048706,-0.2505247890949249,-7.8198089599609375
2,1,0,0.5846483111381531,-0.8787246942520142,-0.5367447733879089,-10.140615463256836
2,1,0,0.6109064221382141,-0.9440534114837646,-0.49281150102615356,-9.988677024841309
1,1,1,0.9868331551551819,-4.331446647644043,-0.013254296034574509,-10.908751487731934
2,1,0,0.9408324360847473,-2.828233003616333,-0.06099022552371025,-9.897536277770996
2,0,0,0.8172531723976135,-0.20180635154247284,-1.7029063701629639,-7.42960262298584
0,0,1,0.9379640221595764,-0.06404368579387665,-2.7820956707000732,-8.968396186828613
1,1,1,0.9993484616279602,-7.345730304718018,-0.0006517507135868073,-11.989198684692383
2,1,0,0.9204780459403992,-2.533162832260132,-0.08286213129758835,-9.075156211853027
1,1,1,0.8780694007873535,-2.1051063537597656,-0.13002964854240417,-9.231590270996094
2,0,0,0.5530891418457031,-0.5922361016273499,-0.8059321641921997,-8.337137222290039
1,1,1,0.9921446442604065,-4.883394718170166,-0.007886371575295925,-8.166383743286133
2,1,0,0.9896579384803772,-4.575043678283691,-0.010395912453532219,-10.227469444274902
2,1,0,0.7667005062103271,-1.4556825160980225,-0.26565903425216675,-9.747901916503906
0,0,1,0.9978062510490417,-0.0021961587481200695,-6.127445220947266,-11.359400749206543
1,0,0,0.948863685131073,-0.05249013006687164,-2.9850711822509766,-7.4178972244262695
2,1,0,0.7518376708030701,-1.3947148323059082,-0.28523483872413635,-8.260323524475098
1,1,1,0.992554247379303,-4.909562587738037,-0.007473610807210207,-9.566727638244629
1,1,1,0.9907945990562439,-4.69044303894043,-0.009248032234609127,-10.69044017791748
2,1,0,0.5811684131622314,-0.8703547716140747,-0.5427147150039673,-10.460856437683105
1,1,1,0.9989701509475708,-7.0500969886779785,-0.0010303796734660864,-8.724764823913574
2,1,0,0.789808988571167,-1.5608065128326416,-0.23596414923667908,-8.402414321899414
1,1,1,0.9864959120750427,-4.308071613311768,-0.013596097007393837,-10.017139434814453
0,0,1,0.9954462647438049,-0.004564134869724512,-5.398990631103516,-10.333818435668945
