true_label,pred_label,correct,confidence,logit_0,logit_1
1,1,1,0.9999055862426758,-9.267382621765137,-9.441821748623624e-05
1,1,1,0.98971027135849,-4.5766072273254395,-0.010343033820390701
0,1,0,0.999961256980896,-10.159895896911621,-3.874376852763817e-05
1,1,1,0.730729341506958,-1.3120384216308594,-0.31371214985847473
0,0,1,0.6876009106636047,-0.37454667687416077,-1.1634738445281982
0,1,0,0.9998169541358948,-8.605403900146484,-0.00018306261335965246
1,0,0,0.8374998569488525,-0.17733418941497803,-1.817076563835144
0,1,0,0.9994426369667053,-7.492342472076416,-0.0005575183895416558
0,1,0,0.975637674331665,-3.7147183418273926,-0.02466399595141411
0,0,1,0.977057695388794,-0.023209575563669205,-3.774773597717285
0,1,0,0.9999463558197021,-9.832463264465332,-5.364562093745917e-05
1,1,1,0.9962489008903503,-5.585716724395752,-0.0037581520155072212
0,0,1,0.8161417245864868,-0.20316725969314575,-1.6935899257659912
1,1,1,0.7535377144813538,-1.4005461931228638,-0.2829762101173401
1,1,1,0.9106259346008301,-2.4149255752563477,-0.0936230719089508
1,1,1,0.9999784231185913,-10.743572235107422,-2.157711423933506e-05
1,0,0,0.8465960621833801,-0.1665315330028534,-1.8746808767318726
1,0,0,0.723696768283844,-0.32338279485702515,-1.286256194114685
1,1,1,0.9887112379074097,-4.483949184417725,-0.011352963745594025
0,0,1,0.7783196568489075,-0.25061798095703125,-1.5065187215805054
1,1,1,0.9998286962509155,-8.67232608795166,-0.00017131841741502285
1,1,1,0.9998581409454346,-8.861113548278809,-0.00014186912449076772
1,1,1,0.9995172023773193,-7.635830402374268,-0.00048291421262547374
1,1,1,0.9992449283599854,-7.188701629638672,-0.0007553568575531244
0,1,0,0.9793635010719299,-3.8806960582733154,-0.020852407440543175
1,1,1,0.9986742734909058,-6.625728607177734,-0.0013267254689708352
0,1,0,0.9030382037162781,-2.3334381580352783,-0.10199041664600372
0,0,1,0.9324885010719299,-0.06989845633506775,-2.6954572200775146
0,0,1,0.7547578811645508,-0.2813582718372345,-1.4055094718933105
1,1,1,0.8757732510566711,-2.085646390914917,-0.1326480656862259
0,0,1,0.845294177532196,-0.16807056963443756,-1.866229772567749
0,0,1,0.9884888529777527,-0.011577913537621498,-4.46444034576416
0,0,1,0.9224397540092468,-0.08073320984840393,-2.5566999912261963
0,1,0,0.988153874874115,-4.435751914978027,-0.01191684976220131
0,1,0,0.9560118317604065,-3.1238341331481934,-0.04498498886823654
0,1,0,0.9999455213546753,-9.81775188446045,-5.4480129620060325e-05
0,1,0,0.9996170997619629,-7.867821216583252,-0.0003829735505860299
0,1,0,0.999881386756897,-9.04002571105957,-0.00011862027895404026
1,1,1,0.9994114637374878,-7.437928676605225,-0.0005887095467187464
0,0,1,0.7127475142478943,-0.33862805366516113,-1.2473938465118408
1,0,0,0.8878912329673767,-0.11890602856874466,-2.1882858276367188
0,0,1,0.7058339715003967,-0.34837523102760315,-1.2236108779907227
1,1,1,0.9821279048919678,-4.024517059326172,-0.01803372986614704
0,1,0,0.9404755234718323,-2.821367025375366,-0.061369653791189194
1,1,1,0.9994472861289978,-7.5007829666137695,-0.0005528666661120951
0,1,0,0.9144790768623352,-2.4589943885803223,-0.08940069377422333
1,0,0,0.8422113656997681,-0.17172427475452423,-1.846498966217041
1,1,1,0.9993189573287964,-7.291901111602783,-0.0006812746869400144
0,1,0,0.9600460529327393,-3.2200286388397217,-0.04077402502298355
0,1,0,0.9999690055847168,-10.383200645446777,-3.099489549640566e-05
0,1,0,0.9992038607597351,-7.135778427124023,-0.0007964563556015491
0,1,0,0.9048863649368286,-2.3526835441589355,-0.09994590282440186
0,1,0,0.9998360872268677,-8.716087341308594,-0.00016392620455008
0,0,1,0.8443114161491394,-0.16923394799232483,-1.8598973751068115
1,1,1,0.9999165534973145,-9.390811920166016,-8.344998786924407e-05
0,1,0,0.5625796318054199,-0.8268605470657349,-0.5752226114273071
0,1,0,0.6071923971176147,-0.9344354271888733,-0.498909592628479
0,1,0,0.9988968372344971,-6.809587478637695,-0.0011037717340514064
0,0,1,0.748069167137146,-0.29025983810424805,-1.3786004781723022
0,1,0,0.9999418258666992,-9.75164794921875,-5.817582496092655e-05
1,1,1,0.9993559718132019,-7.347676753997803,-0.0006442356389015913
1,1,1,0.9446206092834473,-2.893548011779785,-0.05697190389037132
0,1,0,0.9970095157623291,-5.81234073638916,-0.00299496459774673
1,1,1,0.9448241591453552,-2.8972301483154297,-0.05675644427537918
0,0,1,0.8330633640289307,-0.18264557421207428,-1.7901408672332764
1,0,0,0.8987526893615723,-0.10674737393856049,-2.290189027786255
1,1,1,0.9993038177490234,-7.269883632659912,-0.0006964246858842671
1,1,1,0.9999455213546753,-9.818451881408691,-5.4480129620060325e-05
1,1,1,0.9995735287666321,-7.7598419189453125,-0.00042656221194192767
1,1,1,0.9668864011764526,-3.407813549041748,-0.03367426618933678
0,1,0,0.9594871401786804,-3.206137180328369,-0.04135624319314957
1,1,1,0.7349568605422974,-1.3278628587722778,-0.3079434633255005
1,1,1,0.995628833770752,-5.432732582092285,-0.004380747675895691
0,1,0,0.535935640335083,-0.7677320837974548,-0.6237412095069885
0,1,0,0.9979142546653748,-6.172638893127441,-0.002087923465296626
0,1,0,0.9999940395355225,-12.03564739227295,-5.960482212685747e-06
1,1,1,0.5234253406524658,-0.7411308884620667,-0.6473608613014221
1,1,1,0.9989981055259705,-6.905831813812256,-0.0010023966897279024
0,0,1,0.8805481791496277,-0.12721063196659088,-2.1248416900634766
1,0,0,0.7289549708366394,-0.31614333391189575,-1.30547034740448
0,1,0,0.9717571139335632,-3.56691312789917,-0.028649387881159782
0,0,1,0.8737361431121826,-0.1349768489599228,-2.0693817138671875
1,1,1,0.9337420463562012,-2.7141993045806885,-0.06855505704879761
0,1,0,0.8314682841300964,-1.7806315422058105,-0.18456211686134338
1,1,1,0.5298898816108704,-0.7547883987426758,-0.6350860595703125
0,0,1,0.9041194915771484,-0.1007937490940094,-2.3446531295776367
0,1,0,0.7551167011260986,-1.4069734811782837,-0.28088298439979553
0,1,0,0.9998268485069275,-8.66098690032959,-0.00017316648154519498
1,1,1,0.9790439605712891,-3.865325927734375,-0.021178733557462692
1,1,1,0.9999691247940063,-10.384305953979492,-3.087568256887607e-05
0,1,0,0.9915605187416077,-4.774837970733643,-0.008475295267999172
1,1,1,0.9289880394935608,-2.6449074745178223,-0.07365941256284714
0,1,0,0.8568479418754578,-1.9438477754592896,-0.15449480712413788
1,1,1,0.877269983291626,-2.0977678298950195,-0.1309404820203781
0,0,1,0.9042083024978638,-0.10069552063941956,-2.345579147338867
0,0,1,0.7219319343566895,-0.32582440972328186,-1.2798892259597778
0,0,1,0.5923405885696411,-0.5236734747886658,-0.8973231315612793
0,1,0,0.9998641014099121,-8.903532028198242,-0.00013590783055406064
0,1,0,0.9996125102043152,-7.855802059173584,-0.0003875648835673928
1,1,1,0.9990882873535156,-7.0001959800720215,-0.0009121284820139408
1,1,1,0.5618910193443298,-0.8252876400947571,-0.5764473676681519
1,1,1,0.9999923706054688,-11.780006408691406,-7.629423635080457e-06
1,0,0,0.7172484397888184,-0.3323329985141754,-1.2631866931915283
0,1,0,0.999974250793457,-10.565190315246582,-2.5749537599040195e-05
1,1,1,0.9999860525131226,-11.18346881866455,-1.3947584193374496e-05
1,1,1,0.9890762567520142,-4.516814231872559,-0.010983845219016075
1,1,1,0.5362325310707092,-0.7683719396591187,-0.6231873631477356
1,0,0,0.6903282403945923,-0.370588093996048,-1.1722424030303955
1,1,1,0.6058652997016907,-0.9310625791549683,-0.501097559928894
0,0,1,0.5404388308525085,-0.6153738498687744,-0.7774832248687744
1,1,1,0.8463935256004333,-1.8733614683151245,-0.16677086055278778
1,0,0,0.8571153879165649,-0.15418273210525513,-1.945717692375183
0,1,0,0.9999234676361084,-9.478066444396973,-7.653529610252008e-05
0,1,0,0.7265007495880127,-1.2964566946029663,-0.3195156753063202
0,1,0,0.9992029070854187,-7.134451389312744,-0.0007974107866175473
1,1,1,0.9999260902404785,-9.513269424438477,-7.39124880055897e-05
1,0,0,0.6454967260360718,-0.4377351403236389,-1.0370374917984009
0,1,0,0.9338430762290955,-2.715726137161255,-0.06844686716794968
0,0,1,0.6264734864234924,-0.46764883399009705,-0.9847662448883057
1,1,1,0.9921640157699585,-4.849034309387207,-0.007866847328841686
0,1,0,0.9997566342353821,-8.32102108001709,-0.00024339537776540965
0,0,1,0.7720275521278381,-0.2587350308895111,-1.4785302877426147
0,0,1,0.7642494440078735,-0.2688610553741455,-1.4449809789657593
1,1,1,0.9999475479125977,-9.85541820526123,-5.245346255833283e-05
0,1,0,0.9999083280563354,-9.296829223632812,-9.167614916805178e-05
0,0,1,0.963962197303772,-0.0367031991481781,-3.3231871128082275
0,1,0,0.7602518200874329,-1.428166389465332,-0.2741055488586426
0,1,0,0.9999592304229736,-10.108201026916504,-4.0770406485535204e-05
1,1,1,0.6366821527481079,-1.0124770402908325,-0.451484739780426
0,0,1,0.8478235602378845,-0.16508272290229797,-1.8827149868011475
1,1,1,0.9999699592590332,-10.414204597473145,-3.0041192076168954e-05
0,1,0,0.9584947228431702,-3.1819357872009277,-0.04239122197031975
1,0,0,0.8842867612838745,-0.12297387421131134,-2.1566410064697266
0,0,1,0.9688714146614075,-0.03162337467074394,-3.469627857208252
1,0,0,0.9033411145210266,-0.1016550362110138,-2.336566925048828
1,0,0,0.6742573380470276,-0.3941434323787689,-1.1216477155685425
0,0,1,0.9230462312698364,-0.0800759568810463,-2.5645506381988525
0,1,0,0.9252979755401611,-2.594247817993164,-0.07763946056365967
1,0,0,0.7200886607170105,-0.3283809423446655,-1.273282527923584
1,1,1,0.9994431138038635,-7.493265628814697,-0.000557041319552809
1,1,1,0.9768127202987671,-3.7641539573669434,-0.023460334166884422
1,1,1,0.9998695850372314,-8.945103645324707,-0.00013042346108704805
1,1,1,0.8940684795379639,-2.244961977005005,-0.11197290569543839
0,0,1,0.9449082016944885,-0.056667495518922806,-2.8987553119659424
1,1,1,0.9996225833892822,-7.88223934173584,-0.0003774878568947315
1,1,1,0.9848529100418091,-4.189950466156006,-0.015262979082763195
1,1,1,0.9998346567153931,-8.707331657409668,-0.00016535694885533303
0,1,0,0.925251841545105,-2.593630790710449,-0.07768931984901428
1,0,0,0.555109977722168,-0.5885890126228333,-0.8099281787872314
1,1,1,0.9995684027671814,-7.748167991638184,-0.0004316903941798955
1,1,1,0.9298366904258728,-2.6569290161132812,-0.07274630665779114
1,0,0,0.6664261221885681,-0.40582600235939026,-1.0978907346725464
1,1,1,0.6347296833992004,-1.007117748260498,-0.45455604791641235
1,1,1,0.9999740123748779,-10.555989265441895,-2.5987963454099372e-05
0,1,0,0.9629456996917725,-3.2953715324401855,-0.03775825351476669
0,1,0,0.99982750415802,-8.665281295776367,-0.00017251071403734386
0,0,1,0.6366174817085266,-0.4515863060951233,-1.0122991800308228
0,1,0,0.9991968274116516,-7.12697172164917,-0.0008034952916204929
1,1,1,0.9992818236351013,-7.238706588745117,-0.000718434399459511
1,1,1,0.8246082067489624,-1.7407327890396118,-0.19284690916538239
0,0,1,0.6132448315620422,-0.48899102210998535,-0.9499633312225342
1,1,1,0.9176880121231079,-2.4972386360168457,-0.08589780330657959
0,1,0,0.9947485327720642,-5.249256134033203,-0.005265304818749428
1,0,0,0.7749623656272888,-0.25494080781936646,-1.4914878606796265
1,1,1,0.9882062077522278,-4.440186500549316,-0.011863891035318375
1,1,1,0.5717946290969849,-0.8481522798538208,-0.5589753985404968
1,1,1,0.9888463616371155,-4.495992660522461,-0.011216307058930397
1,1,1,0.9360818862915039,-2.750152826309204,-0.06605231761932373
1,1,1,0.8146493434906006,-1.6855058670043945,-0.20499750971794128
0,1,0,0.9393517971038818,-2.8026649951934814,-0.06256522238254547
0,1,0,0.9999328851699829,-9.60977840423584,-6.711708556395024e-05
0,0,1,0.96771240234375,-0.03282034024596214,-3.433072328567505
0,1,0,0.9997108578681946,-8.14858341217041,-0.00028918395400978625
0,1,0,0.9464290142059326,-2.926746368408203,-0.05505931004881859
1,1,1,0.7567225098609924,-1.4135524034500122,-0.2787586748600006
1,1,1,0.9997383952140808,-8.248814582824707,-0.00026163901202380657
0,1,0,0.9999641180038452,-10.236494064331055,-3.588264007703401e-05
1,0,0,0.5647674202919006,-0.5713412761688232,-0.831874668598175
0,0,1,0.5235959887504578,-0.6470348834991455,-0.7414891719818115
0,1,0,0.9991790652275085,-7.105109214782715,-0.0008212719112634659
0,1,0,0.7871291637420654,-1.547069787979126,-0.2393629252910614
0,1,0,0.9994100332260132,-7.435359001159668,-0.0005901408731006086
1,1,1,0.9178711771965027,-2.4994654655456543,-0.08569822460412979
1,1,1,0.9998363256454468,-8.717554092407227,-0.00016368775686714798
0,1,0,0.9878978133201599,-4.414369106292725,-0.012176014482975006
0,0,1,0.8866415619850159,-0.12031447887420654,-2.1772003173828125
0,0,1,0.7856833338737488,-0.24120144546031952,-1.5403003692626953
1,0,0,0.9493948817253113,-0.051930464804172516,-2.9837024211883545
1,1,1,0.9458730816841125,-2.9164233207702637,-0.055646881461143494
0,0,1,0.8432918190956116,-0.17044220864772797,-1.8533694744110107
0,0,1,0.9227660894393921,-0.08037950098514557,-2.5609169006347656
0,0,1,0.9426408410072327,-0.05906993895769119,-2.858422040939331
0,1,0,0.999640703201294,-7.931467056274414,-0.0003593613510020077
0,0,1,0.9094929099082947,-0.09486807882785797,-2.4023280143737793
0,1,0,0.9823096394538879,-4.034735202789307,-0.017848705872893333
1,1,1,0.9945576190948486,-5.213540077209473,-0.00545724481344223
0,1,0,0.6976509690284729,-1.1961731910705566,-0.36003634333610535
1,1,1,0.9962663054466248,-5.590353488922119,-0.003740682266652584
0,0,1,0.9306345582008362,-0.07188860327005386,-2.6683671474456787
0,1,0,0.9999266862869263,-9.521204948425293,-7.33163979020901e-05
0,1,0,0.9897312521934509,-4.578649997711182,-0.010321835055947304
0,1,0,0.8667499423027039,-2.0155279636383057,-0.14300476014614105
1,1,1,0.8483392000198364,-1.886108636856079,-0.1644747257232666
0,1,0,0.9721411466598511,-3.58060622215271,-0.028254272416234016
0,1,0,0.8846496343612671,-2.1597812175750732,-0.12256360799074173
0,0,1,0.9034776091575623,-0.10150395333766937,-2.337979793548584
0,0,1,0.6206187009811401,-0.4770383834838867,-0.9692134857177734
0,1,0,0.9999401569366455,-9.723834037780762,-5.984485324006528e-05
0,1,0,0.9712002277374268,-3.5473878383636475,-0.029222624376416206
1,1,1,0.9999138116836548,-9.359404563903809,-8.619203435955569e-05
1,1,1,0.9760749936103821,-3.7328317165374756,-0.024215858429670334
0,0,1,0.8438559174537659,-0.16977351903915405,-1.8569765090942383
0,1,0,0.7071875929832458,-1.2282230854034424,-0.3464592397212982
0,0,1,0.9360753297805786,-0.06605932861566544,-2.750048875808716
0,0,1,0.7323777675628662,-0.3114588260650635,-1.3181790113449097
0,1,0,0.9999724626541138,-10.499102592468262,-2.7537724236026406e-05
1,1,1,0.996364176273346,-5.616913318634033,-0.003642449388280511
1,0,0,0.6437326073646545,-0.4404718577861786,-1.032073736190796
0,1,0,0.9619067311286926,-3.2677175998687744,-0.03883778676390648
0,1,0,0.9991990923881531,-7.129751205444336,-0.0008012285106815398
0,1,0,0.9999810457229614,-10.87615966796875,-1.895445711852517e-05
0,0,1,0.7184913158416748,-0.33060166239738464,-1.267591953277588
1,1,1,0.9998878240585327,-9.096055030822754,-0.00011218223517062142
0,1,0,0.9979057312011719,-6.168567657470703,-0.0020964648574590683
0,0,1,0.8418574929237366,-0.17214453220367432,-1.8442589044570923
0,0,1,0.7240015864372253,-0.322961688041687,-1.2873600721359253
1,0,0,0.7864705324172974,-0.24020002782344818,-1.543980598449707
0,1,0,0.9872307181358337,-4.360708713531494,-0.01285151019692421
1,1,1,0.9999135732650757,-9.35571575164795,-8.643046749057248e-05
0,1,0,0.8955022096633911,-2.258589029312134,-0.11037072539329529
1,1,1,0.8813595175743103,-2.131657361984253,-0.12628965079784393
1,1,1,0.517289400100708,-0.7283380627632141,-0.6591528058052063
1,0,0,0.9089606404304504,-0.09545348584651947,-2.39646315574646
0,1,0,0.7423352599143982,-1.3560960292816162,-0.2979543209075928
0,1,0,0.999968409538269,-10.362995147705078,-3.15909601340536e-05
1,1,1,0.9998201727867126,-8.623244285583496,-0.00017984338046517223
0,0,1,0.899417519569397,-0.10600792616605759,-2.2967770099639893
0,0,1,0.6517444252967834,-0.4281027913093567,-1.0548186302185059
1,1,1,0.9999527931213379,-9.960103034973145,-4.7207991883624345e-05
0,1,0,0.8842453360557556,-2.1562819480895996,-0.1230207234621048
1,1,1,0.9538856744766235,-3.0766313076019287,-0.047211453318595886
0,0,1,0.9048007726669312,-0.100040502846241,-2.3517837524414062
0,1,0,0.9999368190765381,-9.669015884399414,-6.318291707430035e-05
1,1,1,0.902198076248169,-2.3248112201690674,-0.10292118787765503
1,1,1,0.9305731654167175,-2.6674811840057373,-0.07195457816123962
0,0,1,0.7842957973480225,-0.24296903610229492,-1.5338468551635742
0,1,0,0.7297368049621582,-1.3083592653274536,-0.3150712847709656
1,1,1,0.8808295726776123,-2.1272006034851074,-0.1268911212682724
0,0,1,0.6824143528938293,-0.3821181654930115,-1.1470078229904175
0,0,1,0.8942416310310364,-0.11177925765514374,-2.246598243713379
1,0,0,0.6561216115951538,-0.42140913009643555,-1.067467212677002
0,1,0,0.9996856451034546,-8.064743995666504,-0.0003144043148495257
1,1,1,0.9599663019180298,-3.2180335521698,-0.04085709899663925
0,1,0,0.8298996090888977,-1.7713665962219238,-0.1864505410194397
0,1,0,0.9999428987503052,-9.771502494812012,-5.7102879509329796e-05
0,1,0,0.856296956539154,-1.9400067329406738,-0.1551380455493927
1,0,0,0.8436681628227234,-0.16999603807926178,-1.8557746410369873
0,1,0,0.9999445676803589,-9.800870895385742,-5.5433854868169874e-05
0,1,0,0.8537713289260864,-1.9225834608078003,-0.15809188783168793
0,0,1,0.7362039089202881,-0.30624815821647644,-1.3325791358947754
1,1,1,0.9999145269393921,-9.367622375488281,-8.547671313863248e-05
0,0,1,0.8613547086715698,-0.1492488831281662,-1.9758368730545044
0,1,0,0.9928734302520752,-4.943928241729736,-0.007152085192501545
0,1,0,0.999946117401123,-9.82837200164795,-5.3884050430497155e-05
1,1,1,0.7875736951828003,-1.5491602420806885,-0.2387983351945877
0,0,1,0.7705851197242737,-0.2606051564216614,-1.4722230434417725
0,1,0,0.9998169541358948,-8.605588912963867,-0.00018306261335965246
0,0,1,0.9209593534469604,-0.08233937621116638,-2.537792682647705
0,1,0,0.9959653615951538,-5.512829780578613,-0.004042799584567547
0,1,0,0.8829995393753052,-2.1455776691436768,-0.1244305968284607
1,1,1,0.9998459815979004,-8.778833389282227,-0.0001540302619105205
0,0,1,0.9310176968574524,-0.0714769959449768,-2.673905372619629
0,1,0,0.9999945163726807,-12.113299369812012,-5.483642325998517e-06
1,1,1,0.9993776679039001,-7.382058143615723,-0.0006225258111953735
0,1,0,0.9754676222801208,-3.7077596187591553,-0.024838309735059738
0,1,0,0.6503583788871765,-1.0508465766906738,-0.4302317202091217
1,0,0,0.560870885848999,-0.5782645344734192,-0.822961688041687
1,1,1,0.9943769574165344,-5.180887222290039,-0.005638911388814449
0,0,1,0.5446913838386536,-0.6075358986854553,-0.7867798805236816
1,0,0,0.8492594957351685,-0.16339048743247986,-1.8921951055526733
1,1,1,0.9996849298477173,-8.062540054321289,-0.00031511980341747403
1,1,1,0.6340893507003784,-1.0053662061691284,-0.4555653929710388
1,1,1,0.9993311166763306,-7.309915065765381,-0.0006691071321256459
1,0,0,0.7764338254928589,-0.25304386019706726,-1.4980475902557373
0,1,0,0.9999185800552368,-9.41599178314209,-8.142326259985566e-05
0,0,1,0.6683732271194458,-0.4029085338115692,-1.1037452220916748
0,1,0,0.5026869773864746,-0.6985355615615845,-0.6877875924110413
1,0,0,0.905987024307251,-0.09873029589653015,-2.364321708679199
0,0,1,0.8574338555335999,-0.1538112312555313,-1.9479488134384155
1,1,1,0.9525412917137146,-3.047893762588501,-0.04862182214856148
0,0,1,0.7145127058029175,-0.3361544907093048,-1.2535576820373535
1,1,1,0.7515829205513,-1.392646074295044,-0.2855737507343292
0,1,0,0.9999735355377197,-10.539841651916504,-2.6464813345228322e-05
0,0,1,0.8766944408416748,-0.13159675896167755,-2.093090057373047
1,0,0,0.7814586758613586,-0.24659301340579987,-1.520780086517334
0,0,1,0.8154546618461609,-0.20400945842266083,-1.6898597478866577
1,1,1,0.9999010562896729,-9.22138786315918,-9.894860704662278e-05
1,1,1,0.9997158646583557,-8.165969848632812,-0.0002841757086571306
0,1,0,0.5465415120124817,-0.7908515334129333,-0.6041450500488281
0,1,0,0.9996466636657715,-7.948211669921875,-0.0003533987619448453
0,1,0,0.8952359557151794,-2.2560441493988037,-0.11066795885562897
1,1,1,0.9999562501907349,-10.036344528198242,-4.3750766053562984e-05
1,1,1,0.9996367692947388,-7.920597076416016,-0.0003632966836448759
1,1,1,0.8162485957145691,-1.69417142868042,-0.2030363231897354
1,0,0,0.9144248366355896,-0.08946000784635544,-2.458360195159912
0,1,0,0.9582061171531677,-3.1750059127807617,-0.04269237071275711
0,1,0,0.9411752820014954,-2.833193063735962,-0.06062588468194008
1,1,1,0.9988647699356079,-6.780890941619873,-0.0011358748888596892
0,0,1,0.8685675263404846,-0.14090994000434875,-2.029261827468872
1,0,0,0.6579333543777466,-0.41865164041519165,-1.0727497339248657
0,0,1,0.554185688495636,-0.5902553796768188,-0.8078528046607971
1,1,1,0.8977166414260864,-2.28000807762146,-0.10790080577135086
1,0,0,0.5509408712387085,-0.5961278080940247,-0.8006007671356201
0,1,0,0.9986633062362671,-6.617581367492676,-0.0013375879498198628
1,0,0,0.8706300854682922,-0.13853809237480164,-2.045079469680786
1,0,0,0.8288422226905823,-0.1877254694700241,-1.7651695013046265
0,0,1,0.9541400074958801,-0.046944860368967056,-3.0821621417999268
0,1,0,0.9994012117385864,-7.420553684234619,-0.0005989675992168486
1,0,0,0.7702602744102478,-0.26102688908576965,-1.4708081483840942
0,1,0,0.9213730692863464,-2.543041706085205,-0.08189025521278381
1,1,1,0.7068406343460083,-1.227038860321045,-0.34695005416870117
1,1,1,0.9414867162704468,-2.8385019302368164,-0.060295041650533676
0,1,0,0.9466367959976196,-2.9306344985961914,-0.05483978986740112
0,1,0,0.7072620987892151,-1.2284774780273438,-0.3463539779186249
0,1,0,0.9997739195823669,-8.394580841064453,-0.00022610597079619765
1,1,1,0.9585455656051636,-3.183159828186035,-0.04233817756175995
0,1,0,0.9986394047737122,-6.599796772003174,-0.0013615216594189405
0,1,0,0.72724449634552,-1.2991795539855957,-0.31849247217178345
0,0,1,0.5899853706359863,-0.5276575088500977,-0.8915625214576721
1,1,1,0.9996351003646851,-7.9160051345825195,-0.0003649662248790264
1,1,1,0.9999549388885498,-10.00760269165039,-4.506212644628249e-05
0,1,0,0.8655401468276978,-2.0064892768859863,-0.14440152049064636
1,1,1,0.9536285400390625,-3.0710721015930176,-0.047481052577495575
1,1,1,0.9698299169540405,-3.5009043216705322,-0.03063456527888775
0,1,0,0.999297022819519,-7.260248184204102,-0.0007032243884168565
1,1,1,0.6801665425300598,-1.139954686164856,-0.3854176104068756
0,0,1,0.6356366872787476,-0.4531281292438507,-1.00960373878479
0,0,1,0.660561203956604,-0.41466549038887024,-1.0804617404937744
1,1,1,0.9996926784515381,-8.087604522705078,-0.00030736878397874534
1,1,1,0.9386988282203674,-2.7919564247131348,-0.06326058506965637
0,0,1,0.7912176251411438,-0.2341822236776352,-1.566462755203247
1,1,1,0.9998935461044312,-9.148292541503906,-0.0001064595635398291
0,1,0,0.9949953556060791,-5.297403812408447,-0.0050172097980976105
1,1,1,0.9998780488967896,-9.012426376342773,-0.00012195853923913091
1,1,1,0.9939401149749756,-5.106063365936279,-0.0060783205553889275
0,1,0,0.9333400130271912,-2.7081503868103027,-0.068985715508461
0,0,1,0.9595105051994324,-0.04133201390504837,-3.2067134380340576
1,1,1,0.96544349193573,-3.3651576042175293,-0.03516770526766777
1,1,1,0.9998335838317871,-8.701366424560547,-0.00016643002163618803
0,1,0,0.8539367318153381,-1.9237148761749268,-0.1578981727361679
1,0,0,0.6269853115081787,-0.46683216094970703,-0.9861373901367188
0,1,0,0.6992594599723816,-1.201507329940796,-0.35773342847824097
0,0,1,0.8225635886192322,-0.195329487323761,-1.7291429042816162
0,0,1,0.9079867601394653,-0.09652548283338547,-2.3858225345611572
0,1,0,0.9994822144508362,-7.565914154052734,-0.000517919659614563
0,1,0,0.7865174412727356,-1.544199824333191,-0.2401403784751892
0,1,0,0.7417646646499634,-1.353884220123291,-0.2987232506275177
0,1,0,0.9999011754989624,-9.221871376037598,-9.882938320515677e-05
0,1,0,0.9355977773666382,-2.742607831954956,-0.06656961888074875
1,1,1,0.999945878982544,-9.823535919189453,-5.4122483561513945e-05
0,0,1,0.889678418636322,-0.11689520627260208,-2.2043557167053223
0,1,0,0.9999780654907227,-10.72736930847168,-2.1934749383945018e-05
1,1,1,0.9997461438179016,-8.278677940368652,-0.0002538884000387043
1,0,0,0.7425459027290344,-0.2976706027984619,-1.3569138050079346
1,1,1,0.999817430973053,-8.608150482177734,-0.00018258568888995796
0,1,0,0.878472089767456,-2.1076109409332275,-0.12957113981246948
0,1,0,0.6253554224967957,-0.981777548789978,-0.46943509578704834
0,0,1,0.9304130673408508,-0.07212663441896439,-2.6651785373687744
1,1,1,0.8385226130485535,-1.8233901262283325,-0.17611372470855713
0,1,0,0.9959231615066528,-5.502432346343994,-0.00408517150208354
1,1,1,0.9691392779350281,-3.4782700538635254,-0.031346943229436874
0,0,1,0.850353479385376,-0.16210316121578217,-1.8994792699813843
1,1,1,0.9999839067459106,-11.039864540100098,-1.609338323760312e-05
0,1,0,0.9999884366989136,-11.367532730102539,-1.1563368389033712e-05
0,0,1,0.8165484666824341,-0.20266900956630707,-1.6958048343658447
0,1,0,0.9904525279998779,-4.651484966278076,-0.009593341499567032
0,1,0,0.9253731966018677,-2.5952556133270264,-0.07755816727876663
0,0,1,0.7306456565856934,-0.31382668018341064,-1.3117276430130005
1,1,1,0.9999704360961914,-10.427791595458984,-2.95643403660506e-05
1,0,0,0.7963184714317322,-0.2277560830116272,-1.5911976099014282
1,0,0,0.8542086482048035,-0.15757979452610016,-1.9255784749984741
0,1,0,0.9999650716781616,-10.261266708374023,-3.49289330188185e-05
1,1,1,0.5798776745796204,-0.8672094345092773,-0.5449380874633789
1,0,0,0.5662727952003479,-0.5686793327331543,-0.8353394269943237
0,1,0,0.9984750151634216,-6.485769748687744,-0.0015261487569659948
0,0,1,0.857151985168457,-0.15414002537727356,-1.9459739923477173
0,0,1,0.6027973890304565,-0.5061741471290588,-0.9233088493347168
0,1,0,0.76270592212677,-1.4384549856185913,-0.27088281512260437
0,1,0,0.9997101426124573,-8.146306991577148,-0.00028989941347390413
0,1,0,0.9031341671943665,-2.334428310394287,-0.1018841564655304
0,0,1,0.6954264640808105,-0.36322999000549316,-1.188842535018921
0,1,0,0.9991616010665894,-7.083985805511475,-0.0008387505658902228
0,1,0,0.9998677968978882,-8.931631088256836,-0.00013221184781286865
0,0,1,0.8902016878128052,-0.11630722880363464,-2.2091097831726074
1,1,1,0.9999762773513794,-10.649994850158691,-2.372293056396302e-05
1,1,1,0.9999237060546875,-9.481403350830078,-7.629685569554567e-05
0,0,1,0.9041415452957153,-0.10076935589313507,-2.3448822498321533
1,1,1,0.701134204864502,-1.2077605724334717,-0.35505595803260803
0,0,1,0.827639639377594,-0.18917743861675262,-1.75816810131073
1,0,0,0.87822026014328,-0.1298578530550003,-2.1055409908294678
1,1,1,0.9708901047706604,-3.536677360534668,-0.029541993513703346
0,1,0,0.8000898957252502,-1.6098872423171997,-0.2230311930179596
1,0,0,0.722835898399353,-0.3245730698108673,-1.2831454277038574
1,0,0,0.8101752996444702,-0.21050463616847992,-1.6616544723510742
0,1,0,0.9997699856758118,-8.37745475769043,-0.0002300407795701176
0,1,0,0.7961599826812744,-1.5904196500778198,-0.22795513272285461
1,1,1,0.876168429851532,-2.0888326168060303,-0.13219693303108215
0,1,0,0.9988757967948914,-6.790674209594727,-0.0011248355731368065
1,1,1,0.9248589873313904,-2.5883893966674805,-0.07811399549245834
1,0,0,0.7758573293685913,-0.2537866234779358,-1.4954725503921509
0,1,0,0.7499454021453857,-1.3860758543014526,-0.2877548635005951
0,1,0,0.7759141325950623,-1.4957258701324463,-0.2537134289741516
0,0,1,0.8056012392044067,-0.2161664068698883,-1.6378434896469116
0,1,0,0.9997088313102722,-8.141576766967773,-0.00029121109400875866
0,1,0,0.9947540760040283,-5.250312328338623,-0.005259732250124216
0,0,1,0.630431056022644,-0.4613514840602875,-0.995418131351471
1,0,0,0.6412708759307861,-0.44430333375930786,-1.0251877307891846
1,0,0,0.5630229711532593,-0.5744348764419556,-0.8278746604919434
0,1,0,0.9999852180480957,-11.124924659729004,-1.4782061043661088e-05
0,1,0,0.9997431635856628,-8.267064094543457,-0.0002568693889770657
0,0,1,0.8781682252883911,-0.12991710007190704,-2.105114459991455
0,1,0,0.9998551607131958,-8.839815139770508,-0.00014484977873507887
1,0,0,0.854287326335907,-0.157487690448761,-1.9261187314987183
1,1,1,0.9934676289558411,-5.030973434448242,-0.00655380031093955
1,1,1,0.8038114905357361,-1.6286792755126953,-0.21839050948619843
0,1,0,0.5304336547851562,-0.75594562292099,-0.6340603828430176
1,0,0,0.9092088341712952,-0.0951804667711258,-2.39919376373291
0,1,0,0.7080861330032349,-1.2312965393066406,-0.34518954157829285
0,0,1,0.857599675655365,-0.15361787378787994,-1.949112892150879
1,1,1,0.998480498790741,-6.489381313323975,-0.0015206568641588092
0,1,0,0.9529293775558472,-3.0561060905456543,-0.04821448400616646
1,1,1,0.9999685287475586,-10.365739822387695,-3.1471747206524014e-05
0,1,0,0.9999136924743652,-9.358196258544922,-8.631125092506409e-05
1,1,1,0.9868679046630859,-4.332690715789795,-0.013219083659350872
1,1,1,0.9931737780570984,-4.986991882324219,-0.006849627010524273
0,0,1,0.6744347810745239,-0.3938802182674408,-1.122192621231079
0,0,1,0.7527075409889221,-0.28407859802246094,-1.3971835374832153
0,1,0,0.9819976687431335,-4.0172529220581055,-0.018166344612836838
1,1,1,0.9439274668693542,-2.8811087608337402,-0.05770594999194145
0,0,1,0.6261347532272339,-0.46818965673446655,-0.9838600158691406
0,1,0,0.9990580677986145,-6.967528820037842,-0.0009423760930076241
1,1,1,0.9999524354934692,-9.954569816589355,-4.7565637942170724e-05
1,1,1,0.9996417760848999,-7.934449195861816,-0.00035828808904625475
1,0,0,0.908214807510376,-0.09627435356378555,-2.3883047103881836
0,1,0,0.9703246355056763,-3.5174379348754883,-0.030124587938189507
0,0,1,0.9023848176002502,-0.10271422564983368,-2.3267219066619873
1,1,1,0.8827334642410278,-2.143306016921997,-0.12473190575838089
1,0,0,0.5844809412956238,-0.5370311141014099,-0.878226637840271
0,1,0,0.9997695088386536,-8.37541389465332,-0.00023051773314364254
0,0,1,0.6621720194816589,-0.4122299253940582,-1.0852184295654297
1,1,1,0.7280144691467285,-1.3020062446594238,-0.3174343407154083
1,1,1,0.9995911717414856,-7.80206298828125,-0.00040891184471547604
0,1,0,0.8765331506729126,-2.091782569885254,-0.13178075850009918
1,1,1,0.747368335723877,-1.375822901725769,-0.29119712114334106
1,0,0,0.9029130935668945,-0.10212897509336472,-2.332149028778076
0,1,0,0.6648954153060913,-1.0933127403259277,-0.40812551975250244
0,1,0,0.9999544620513916,-9.99821662902832,-4.553898543235846e-05
1,0,0,0.7426574230194092,-0.29752039909362793,-1.3573468923568726
1,1,1,0.9815136194229126,-3.9907186031341553,-0.01865938864648342
1,0,0,0.8245003819465637,-0.1929776668548584,-1.7401182651519775
1,0,0,0.5224089622497559,-0.6493045687675476,-0.7390004992485046
0,1,0,0.7581034898757935,-1.4192454814910889,-0.2769353687763214
0,0,1,0.7670170068740845,-0.26524630188941956,-1.4567898511886597
0,1,0,0.9305709004402161,-2.667449474334717,-0.07195700705051422
0,0,1,0.8344688415527344,-0.18095988035202026,-1.798595666885376
0,1,0,0.8165956735610962,-1.6960618495941162,-0.20261119306087494
0,1,0,0.9999239444732666,-9.483394622802734,-7.605842256452888e-05
0,0,1,0.7716315984725952,-0.2592480480670929,-1.4767954349517822
0,0,1,0.5060271620750427,-0.6811649203300476,-0.705274760723114
0,1,0,0.9986222982406616,-6.587294101715088,-0.0013786517083644867
0,0,1,0.8301584720611572,-0.18613865971565247,-1.7728896141052246
0,0,1,0.5591916441917419,-0.5812630653381348,-0.819145143032074
0,1,0,0.9997633099555969,-8.348695755004883,-0.00023671805683989078
1,1,1,0.8162102103233337,-1.693962812423706,-0.2030833512544632
0,1,0,0.9951699376106262,-5.3329033851623535,-0.00484176492318511
1,1,1,0.9642706513404846,-3.3317830562591553,-0.036383263766765594
1,1,1,0.9832327961921692,-4.0883307456970215,-0.016909364610910416
0,0,1,0.7502626776695251,-0.2873319089412689,-1.3873456716537476
0,0,1,0.9018861651420593,-0.10326696932315826,-2.3216264247894287
0,1,0,0.9997490048408508,-8.289977073669434,-0.0002510266494937241
0,1,0,0.8095381259918213,-1.6583033800125122,-0.21129140257835388
1,0,0,0.6938822865486145,-0.36545294523239136,-1.1837856769561768
0,1,0,0.9985502362251282,-6.536330223083496,-0.0014508157037198544
0,1,0,0.6200894117355347,-0.967819333076477,-0.47789159417152405
1,1,1,0.9999083280563354,-9.29740047454834,-9.167614916805178e-05
1,1,1,0.6717410087585449,-1.1139525175094604,-0.3978824019432068
0,0,1,0.8710859417915344,-0.13801462948322296,-2.048609495162964
0,1,0,0.9999747276306152,-10.586099624633789,-2.527268952690065e-05
0,1,0,0.9997357726097107,-8.238696098327637,-0.0002642623148858547
1,1,1,0.653219997882843,-1.0590647459030151,-0.4258413016796112
1,1,1,0.652622640132904,-1.0573437213897705,-0.42675620317459106
0,1,0,0.9990530610084534,-6.962260723114014,-0.000947387597989291
0,0,1,0.9632078409194946,-0.03748606517910957,-3.3024697303771973
1,0,0,0.8364848494529724,-0.1785469353199005,-1.8108493089675903
0,0,1,0.5480315089225769,-0.6014224886894226,-0.7941429018974304
0,1,0,0.9842235445976257,-4.14923620223999,-0.01590222865343094
1,1,1,0.9979413151741028,-6.185723304748535,-0.002060806844383478
0,0,1,0.7582507729530334,-0.2767411172389984,-1.4198542833328247
0,0,1,0.8172325491905212,-0.20183159410953522,-1.6995407342910767
1,1,1,0.8607963919639587,-1.9718177318572998,-0.1498972773551941
1,1,1,0.9999619722366333,-10.178472518920898,-3.802848732448183e-05
0,1,0,0.6707077026367188,-1.110809564590454,-0.3994218409061432
1,1,1,0.9997245669364929,-8.197213172912598,-0.00027547101490199566
1,1,1,0.9999892711639404,-11.442130088806152,-1.0728893357736524e-05
1,1,1,0.9998145699501038,-8.592686653137207,-0.00018544725026004016
1,0,0,0.9388818740844727,-0.06306561082601547,-2.7949471473693848
0,1,0,0.7523923516273499,-1.3959099054336548,-0.28449735045433044
1,1,1,0.9998897314071655,-9.112968444824219,-0.00011027467553503811
1,1,1,0.9776952862739563,-3.8029561042785645,-0.022557225078344345
0,1,0,0.9344282150268555,-2.7246108055114746,-0.0678204745054245
0,0,1,0.7215888500213623,-0.32629984617233276,-1.278656244277954
0,0,1,0.7125633358955383,-0.33888646960258484,-1.2467529773712158
1,1,1,0.9957289099693298,-5.455904006958008,-0.004280237015336752
1,0,0,0.6357229948043823,-0.45299234986305237,-1.0098408460617065
1,1,1,0.9957202076911926,-5.4538445472717285,-0.004288977012038231
0,1,0,0.9998743534088135,-8.982477188110352,-0.0001256544783245772
0,0,1,0.8358908891677856,-0.1792571246623993,-1.807223916053772
0,1,0,0.9930614829063416,-4.970668792724609,-0.006962700746953487
0,0,1,0.6808348298072815,-0.3844355344772339,-1.142046332359314
1,1,1,0.9999524354934692,-9.953042984008789,-4.7565637942170724e-05
0,1,0,0.9873080849647522,-4.366786956787109,-0.012773144990205765
1,1,1,0.9296538829803467,-2.654327630996704,-0.07294292747974396
0,0,1,0.8584263324737549,-0.15265440940856934,-1.95493483543396
0,1,0,0.6520218253135681,-1.0556155443191528,-0.4276772439479828
1,1,1,0.9897494912147522,-4.5804243087768555,-0.010303406976163387
1,0,0,0.70915687084198,-0.3436785340309143,-1.2349711656570435
1,1,1,0.9158598780632019,-2.475271701812744,-0.08789189904928207
1,1,1,0.8330100774765015,-1.7898215055465698,-0.18270954489707947
0,1,0,0.9976266026496887,-6.04342794418335,-0.0023762183263897896
0,1,0,0.9848424196243286,-4.189255237579346,-0.015273630619049072
0,1,0,0.9993541836738586,-7.345020771026611,-0.0006460249423980713
1,0,0,0.5861849784851074,-0.5341199636459351,-0.8823360800743103
0,1,0,0.9998389482498169,-8.733977317810059,-0.00016106471593957394
0,1,0,0.9996225833892822,-7.882281303405762,-0.0003774878568947315
1,1,1,0.5028617978096008,-0.6988872289657593,-0.6874399185180664
0,1,0,0.9998090863227844,-8.5633544921875,-0.00019093191076535732
0,1,0,0.6042144298553467,-0.9268826842308044,-0.5038261413574219
0,1,0,0.9991100430488586,-7.024306297302246,-0.0008903531706891954
0,1,0,0.9613494873046875,-3.2531957626342773,-0.039417266845703125
1,1,1,0.8308586478233337,-1.7770202159881592,-0.18529574573040009
1,0,0,0.8332529067993164,-0.1824180781841278,-1.7912771701812744
0,0,1,0.9122401475906372,-0.09185200184583664,-2.4331510066986084
1,1,1,0.9997857213020325,-8.448041915893555,-0.00021430166088975966
0,1,0,0.9557206630706787,-3.1172385215759277,-0.045289602130651474
1,1,1,0.9999780654907227,-10.728364944458008,-2.1934749383945018e-05
1,0,0,0.9470168352127075,-0.054438408464193344,-2.937782049179077
1,1,1,0.9986070990562439,-6.576355457305908,-0.001393871963955462
0,1,0,0.9996757507324219,-8.033795356750488,-0.0003243018581997603
1,1,1,0.999384880065918,-7.393693923950195,-0.0006153092253953218
1,1,1,0.9999436140060425,-9.783226013183594,-5.638758375425823e-05
0,1,0,0.720805287361145,-1.2758458852767944,-0.3273862302303314
1,1,1,0.8808304071426392,-2.1272082328796387,-0.126890167593956
0,0,1,0.549644410610199,-0.5984837412834167,-0.797717809677124
1,1,1,0.9998205304145813,-8.625669479370117,-0.00017948569438885897
1,1,1,0.9999715089797974,-10.464370727539062,-2.849142583727371e-05
0,1,0,0.999894380569458,-9.156267166137695,-0.00010562501120148227
0,0,1,0.5671000480651855,-0.5672195553779602,-0.8372486233711243
1,1,1,0.9577671885490417,-3.1645588874816895,-0.04315054789185524
1,1,1,0.9197648763656616,-2.5227935314178467,-0.08363734185695648
1,1,1,0.9998284578323364,-8.671013832092285,-0.0001715568796498701
0,1,0,0.7180070281028748,-1.2658729553222656,-0.33127591013908386
1,0,0,0.7537388205528259,-0.28270936012268066,-1.401362657546997
0,0,1,0.7965239882469177,-0.22749803960323334,-1.5922069549560547
0,0,1,0.8815334439277649,-0.1260923445224762,-2.133124589920044
0,0,1,0.9745535254478455,-0.025775834918022156,-3.6711769104003906
0,0,1,0.5477903485298157,-0.6018626689910889,-0.7936093807220459
0,0,1,0.8354621529579163,-0.17977023124694824,-1.804614782333374
1,0,0,0.598099946975708,-0.5139974355697632,-0.9115517735481262
1,0,0,0.8648926615715027,-0.14514987170696259,-2.001685619354248
0,1,0,0.8785462379455566,-2.1082217693328857,-0.12948673963546753
1,0,0,0.8815762400627136,-0.12604379653930664,-2.133485794067383
0,1,0,0.615119457244873,-0.954822301864624,-0.48593878746032715
0,0,1,0.5151544809341431,-0.6632884740829468,-0.7239249348640442
0,1,0,0.8450343608856201,-1.8645516633987427,-0.16837798058986664
1,1,1,0.9999703168869019,-10.425822257995605,-2.968355329358019e-05
0,1,0,0.9925153851509094,-4.894903659820557,-0.007512765005230904
0,1,0,0.9998681545257568,-8.934425354003906,-0.0001318541617365554
0,0,1,0.762261688709259,-0.27146536111831665,-1.4365845918655396
1,1,1,0.9896631836891174,-4.572047710418701,-0.010390612296760082
1,1,1,0.8343711495399475,-1.7980055809020996,-0.18107695877552032
1,1,1,0.9997795224189758,-8.419781684875488,-0.0002205018827226013
1,0,0,0.870535135269165,-0.1386471539735794,-2.0443460941314697
0,1,0,0.9217416644096375,-2.5477402210235596,-0.08149028569459915
1,1,1,0.9999295473098755,-9.560824394226074,-7.045517122605816e-05
0,0,1,0.9736359715461731,-0.026717791333794594,-3.6357553005218506
0,0,1,0.6268831491470337,-0.46699512004852295,-0.9858636260032654
1,0,0,0.9679944515228271,-0.03252892196178436,-3.441844940185547
0,1,0,0.9999843835830688,-11.065054893493652,-1.561653880344238e-05
0,0,1,0.9163952469825745,-0.08730751276016235,-2.4816555976867676
0,0,1,0.7309605479240417,-0.31339579820632935,-1.3128973245620728
0,1,0,0.8875758647918701,-2.185476779937744,-0.11926127970218658
0,0,1,0.6395799517631531,-0.44694364070892334,-1.020485281944275
0,1,0,0.9997991919517517,-8.513232231140137,-0.00020082821720279753
1,1,1,0.9808729887008667,-3.956653118133545,-0.0193122997879982
0,1,0,0.713646650314331,-1.2505285739898682,-0.33736732602119446
1,1,1,0.998029887676239,-6.229694366455078,-0.0019720555283129215
0,1,0,0.969870388507843,-3.502246379852295,-0.030592836439609528
0,1,0,0.999846339225769,-8.781235694885254,-0.00015367257583420724
0,0,1,0.9396849274635315,-0.06221064180135727,-2.808173656463623
0,1,0,0.9579164981842041,-3.168100357055664,-0.0429946668446064
1,1,1,0.9991182684898376,-7.0336503982543945,-0.0008821204537525773
1,0,0,0.9814109206199646,-0.018764028325676918,-3.985182285308838
1,1,1,0.9995213747024536,-7.644604682922363,-0.0004787398793268949
1,0,0,0.737724781036377,-0.3041844367980957,-1.3383607864379883
0,1,0,0.8173964023590088,-1.7004375457763672,-0.2016311138868332
1,1,1,0.9855777621269226,-4.238981246948242,-0.01452724914997816
0,0,1,0.7259834408760071,-0.32022807002067566,-1.2945666313171387
0,0,1,0.9302562475204468,-0.07229519635438919,-2.66292667388916
0,1,0,0.7565827369689941,-1.4129780530929565,-0.27894338965415955
0,0,1,0.8933784365653992,-0.1127450093626976,-2.238468885421753
0,1,0,0.8066203594207764,-1.6431000232696533,-0.21490216255187988
1,1,1,0.9709455966949463,-3.538585662841797,-0.029484840109944344
0,1,0,0.9472671151161194,-2.942516326904297,-0.05417409911751747
0,1,0,0.9643260836601257,-3.3333351612091064,-0.03632577881217003
0,1,0,0.9082981944084167,-2.389213800430298,-0.09618254750967026
1,0,0,0.6297973990440369,-0.4623571038246155,-0.9937048554420471
1,0,0,0.7728949785232544,-0.25761210918426514,-1.4823426008224487
1,1,1,0.9243522882461548,-2.581667900085449,-0.07866201549768448
1,1,1,0.986943244934082,-4.338447570800781,-0.013142744079232216
1,1,1,0.5018317699432373,-0.6968173980712891,-0.6894903182983398
0,1,0,0.9998838901519775,-9.06135368347168,-0.00011611659283516929
1,1,1,0.999941349029541,-9.742988586425781,-5.865269122296013e-05
0,0,1,0.740709125995636,-0.30014726519584656,-1.3498046398162842
0,1,0,0.9895766973495483,-4.5637102127075195,-0.01047800574451685
1,1,1,0.9947133660316467,-5.242575645446777,-0.005300657823681831
1,1,1,0.9629361033439636,-3.295111656188965,-0.03776822239160538
0,0,1,0.8901802897453308,-0.11633126437664032,-2.2089154720306396
1,1,1,0.9761043787002563,-3.7340617179870605,-0.024185752496123314
1,0,0,0.9373645186424255,-0.06468304246664047,-2.77042293548584
0,1,0,0.7006648778915405,-1.2061916589736938,-0.35572549700737
1,1,1,0.9995501637458801,-7.706578254699707,-0.0004499374481383711
1,1,1,0.6995769143104553,-1.2025635242462158,-0.35727953910827637
0,0,1,0.8344063758850098,-0.18103472888469696,-1.7982189655303955
1,1,1,0.9832291007041931,-4.088109493255615,-0.016913123428821564
1,1,1,0.9997991919517517,-8.51334285736084,-0.00020082821720279753
1,1,1,0.9999641180038452,-10.235681533813477,-3.588264007703401e-05
0,1,0,0.9998058676719666,-8.546674728393555,-0.000194151172763668
1,1,1,0.9984317421913147,-6.457808494567871,-0.0015694887842983007
0,1,0,0.999901533126831,-9.225785255432129,-9.847171895671636e-05
0,1,0,0.9383355379104614,-2.7860469818115234,-0.06364767998456955
1,1,1,0.999160647392273,-7.082873821258545,-0.0008397050551138818
1,0,0,0.7382107973098755,-0.3035258650779724,-1.3402155637741089
0,1,0,0.9997090697288513,-8.142427444458008,-0.00029097258811816573
0,0,1,0.9202437400817871,-0.08311671018600464,-2.528780221939087
0,1,0,0.9999833106994629,-10.999415397644043,-1.6689440599293448e-05
1,1,1,0.9998842477798462,-9.064370155334473,-0.00011575892131077126
0,0,1,0.6842182874679565,-0.3794782757759094,-1.152704119682312
0,0,1,0.5759108662605286,-0.551802396774292,-0.857811689376831
0,1,0,0.7477969527244568,-1.3775206804275513,-0.2906237840652466
0,0,1,0.7487181425094604,-0.2893926799297333,-1.3811800479888916
0,1,0,0.9999377727508545,-9.684412002563477,-6.222918455023319e-05
1,0,0,0.7686058282852173,-0.2631770074367523,-1.4636327028274536
1,1,1,0.902790367603302,-2.3308849334716797,-0.102264903485775
0,0,1,0.9190903902053833,-0.08437080681324005,-2.5144236087799072
0,0,1,0.9320034384727478,-0.07041877508163452,-2.6882991790771484
0,0,1,0.5939427614212036,-0.5209723114967346,-0.9012613296508789
1,1,1,0.999985933303833,-11.17326831817627,-1.406679530191468e-05
0,1,0,0.822153627872467,-1.7268352508544922,-0.19582800567150116
0,1,0,0.9994988441467285,-7.598713397979736,-0.0005012814654037356
0,1,0,0.9350308775901794,-2.733842611312866,-0.0671757236123085
0,0,1,0.8901429176330566,-0.11637324839830399,-2.2085750102996826
0,1,0,0.7331676483154297,-1.3211344480514526,-0.31038087606430054
1,0,0,0.6705654859542847,-0.39963391423225403,-1.1103777885437012
0,1,0,0.6266764998435974,-0.9853100776672363,-0.467324823141098
1,1,1,0.9999912977218628,-11.646271705627441,-8.702316335984506e-06
0,1,0,0.9996053576469421,-7.837467193603516,-0.00039472023490816355
1,1,1,0.999951958656311,-9.942426681518555,-4.804249692824669e-05
1,0,0,0.6405458450317383,-0.4454345703125,-1.0231685638427734
1,1,1,0.8711493611335754,-2.0491013526916504,-0.13794183731079102
0,1,0,0.9999805688858032,-10.846563339233398,-1.9431303371675313e-05
0,1,0,0.6318772435188293,-0.9993389844894409,-0.4590601325035095
0,1,0,0.6875389814376831,-1.1632753610610962,-0.37463676929473877
0,1,0,0.9649879932403564,-3.3520662784576416,-0.03563962131738663
0,0,1,0.5996928215026855,-0.5113377571105957,-0.9155230522155762
1,0,0,0.8046127557754517,-0.217394158244133,-1.6327717304229736
0,1,0,0.9992998838424683,-7.264261722564697,-0.0007003613281995058
0,0,1,0.9474775195121765,-0.05395206809043884,-2.9465153217315674
0,1,0,0.9995600581169128,-7.728847503662109,-0.0004400386824272573
0,0,1,0.942527174949646,-0.059190526604652405,-2.8564436435699463
0,1,0,0.9065877199172974,-2.370731830596924,-0.09806761890649796
1,1,1,0.9999761581420898,-10.643181800842285,-2.3842141672503203e-05
1,1,1,0.9617534875869751,-3.263701915740967,-0.0389971099793911
1,1,1,0.996377170085907,-5.620509624481201,-0.003629408311098814
1,1,1,0.9775411486625671,-3.796071767807007,-0.022714892402291298
0,0,1,0.8932709097862244,-0.1128653734922409,-2.237462043762207
0,0,1,0.84402996301651,-0.1695672869682312,-1.8580915927886963
0,1,0,0.6547918915748596,-1.063607931137085,-0.42343783378601074
1,0,0,0.9077836275100708,-0.09674922376871109,-2.383617639541626
1,1,1,0.5689539313316345,-0.8415403366088867,-0.5639557838439941
0,0,1,0.5613085627555847,-0.5774844884872437,-0.8239588737487793
0,0,1,0.9513751864433289,-0.04984677582979202,-3.02362060546875
1,1,1,0.999976396560669,-10.652922630310059,-2.360371763643343e-05
0,0,1,0.7997744083404541,-0.22342558205127716,-1.6083104610443115
0,1,0,0.9998063445091248,-8.549229621887207,-0.0001936742482939735
0,0,1,0.9418140649795532,-0.059947408735752106,-2.844111919403076
0,1,0,0.9999289512634277,-9.552519798278809,-7.105126132955775e-05
1,1,1,0.9999252557754517,-9.502098083496094,-7.474701851606369e-05
0,0,1,0.6242774128913879,-0.4711604416370392,-0.9789042472839355
0,1,0,0.9963808655738831,-5.621512413024902,-0.003625699318945408
1,0,0,0.9006261229515076,-0.10466506332159042,-2.308865785598755
0,0,1,0.9717859625816345,-0.02861970104277134,-3.567936420440674
1,1,1,0.9775295257568359,-3.7955548763275146,-0.02272678166627884
0,1,0,0.9999638795852661,-10.227956771850586,-3.612106593209319e-05
1,1,1,0.9832425117492676,-4.088910102844238,-0.016899483278393745
1,1,1,0.7814946174621582,-1.5209448337554932,-0.24654701352119446
1,1,1,0.9693143367767334,-3.4839580059051514,-0.031166326254606247
0,0,1,0.9606850743293762,-0.04010862857103348,-3.236152172088623
1,0,0,0.884092390537262,-0.12319370359182358,-2.154961585998535
1,1,1,0.9999932050704956,-11.896767616271973,-6.7949526965094265e-06
0,1,0,0.9999520778656006,-9.94562816619873,-4.7923284000717103e-05
1,0,0,0.8932906985282898,-0.11284322291612625,-2.237647294998169
0,0,1,0.7893902063369751,-0.2364945262670517,-1.5577483177185059
0,1,0,0.8192817568778992,-1.7108161449432373,-0.1993272304534912
0,1,0,0.7189253568649292,-1.2691351175308228,-0.3299977481365204
1,1,1,0.9996978044509888,-8.10448169708252,-0.0003022412129212171
1,1,1,0.9999281167984009,-9.540898323059082,-7.188578456407413e-05
1,0,0,0.524284303188324,-0.6457211971282959,-0.7429348826408386
0,1,0,0.8616312146186829,-1.977832555770874,-0.14892792701721191
1,1,1,0.9995434880256653,-7.691927433013916,-0.00045661619515158236
0,0,1,0.9059908986091614,-0.09872601926326752,-2.3643643856048584
1,1,1,0.7383061051368713,-1.3405797481536865,-0.3033968508243561
0,1,0,0.9995015859603882,-7.6040544509887695,-0.0004985383129678667
0,1,0,0.9991445541381836,-7.06390905380249,-0.000855811988003552
0,1,0,0.9999346733093262,-9.636987686157227,-6.532882252940908e-05
1,1,1,0.989117443561554,-4.520590782165527,-0.010942204855382442
0,0,1,0.6381159424781799,-0.44923529028892517,-1.016431212425232
0,1,0,0.9999771118164062,-10.684381484985352,-2.288844552822411e-05
0,1,0,0.9947803616523743,-5.255324840545654,-0.005233308300375938
1,0,0,0.6313630938529968,-0.45987415313720703,-0.9979429244995117
0,0,1,0.9755216240882874,-0.024782951921224594,-3.709963083267212
1,1,1,0.577690839767456,-0.8620175719261169,-0.5487164258956909
1,1,1,0.9959062337875366,-5.498301029205322,-0.00410216860473156
1,1,1,0.9999613761901855,-10.162686347961426,-3.862455560010858e-05
0,0,1,0.8621081709861755,-0.1483745276927948,-1.9812856912612915
0,1,0,0.8728023171424866,-2.0620129108428955,-0.13604618608951569
0,0,1,0.9128011465072632,-0.09123722463846207,-2.4395642280578613
0,1,0,0.6040834188461304,-0.9265517592430115,-0.5040429830551147
0,1,0,0.9879274964332581,-4.416823387145996,-0.012145968154072762
1,1,1,0.9999700784683228,-10.415014266967773,-2.9921979148639366e-05
0,1,0,0.6429935097694397,-1.0300015211105347,-0.4416206479072571
0,0,1,0.9749378561973572,-0.02538154646754265,-3.686394214630127
0,1,0,0.960077166557312,-3.2208073139190674,-0.04074161499738693
0,1,0,0.9996932744979858,-8.089447975158691,-0.0003067725629080087
0,0,1,0.9289740920066833,-0.07367442548274994,-2.644709825515747
0,1,0,0.6693745851516724,-1.10676908493042,-0.4014114737510681
0,1,0,0.9689025282859802,-3.470627546310425,-0.0315912626683712
0,0,1,0.9510558247566223,-0.0501825176179409,-3.0170748233795166
0,0,1,0.9390677809715271,-0.06286761909723282,-2.7979941368103027
1,1,1,0.9996262788772583,-7.892088890075684,-0.0003737909719347954
0,1,0,0.9999076128005981,-9.288982391357422,-9.2391470388975e-05
0,0,1,0.5872858762741089,-0.532243549823761,-0.8850000500679016
0,1,0,0.753109335899353,-1.398809790611267,-0.2835448682308197
1,1,1,0.9989103078842163,-6.821911334991455,-0.001090286299586296
1,0,0,0.8985148072242737,-0.10701209306716919,-2.2878425121307373
0,1,0,0.9999343156814575,-9.631316184997559,-6.568647222593427e-05
1,1,1,0.9998577833175659,-8.85839557647705,-0.00014222679601516575
0,0,1,0.9523131847381592,-0.048861321061849594,-3.043100595474243
1,0,0,0.5827559232711792,-0.5399868488311768,-0.8740837574005127
0,0,1,0.9928774237632751,-0.007148062810301781,-4.944495677947998
1,1,1,0.9998359680175781,-8.715299606323242,-0.00016404544294346124
0,0,1,0.8248230814933777,-0.19258636236190796,-1.7419586181640625
0,1,0,0.9999734163284302,-10.535612106323242,-2.6584024453768507e-05
0,1,0,0.9994851350784302,-7.571646213531494,-0.0005149975186213851
1,0,0,0.7053273916244507,-0.3490931987762451,-1.2218902111053467
0,0,1,0.8983212113380432,-0.10722757875919342,-2.2859365940093994
0,1,0,0.9999518394470215,-9.941278457641602,-4.816171349375509e-05
0,1,0,0.5394258499145508,-0.7752814888954163,-0.6172499656677246
0,1,0,0.6466356515884399,-1.0402555465698242,-0.43597227334976196
0,0,1,0.8563339710235596,-0.15509483218193054,-1.9402639865875244
0,1,0,0.9996988773345947,-8.108078956604004,-0.00030116800917312503
0,1,0,0.5071532726287842,-0.7075570821762085,-0.6789420247077942
1,1,1,0.9024617671966553,-2.3275105953216553,-0.10262895375490189
1,1,1,0.9996163845062256,-7.866087436676025,-0.00038368909736163914
1,1,1,0.7540411353111267,-1.4025909900665283,-0.2823083698749542
1,1,1,0.9885056018829346,-4.4658966064453125,-0.011560969054698944
1,0,0,0.8212606310844421,-0.19691476225852966,-1.7218265533447266
1,1,1,0.9993109703063965,-7.280293941497803,-0.0006892671808600426
1,1,1,0.943456768989563,-2.8727502822875977,-0.058204736560583115
0,1,0,0.7885754704475403,-1.553887128829956,-0.23752716183662415
1,1,1,0.9999431371688843,-9.775762557983398,-5.6864446378313005e-05
0,1,0,0.9998575448989868,-8.856583595275879,-0.00014246524369809777
0,1,0,0.9984336495399475,-6.459003925323486,-0.0015675785252824426
1,1,1,0.6691884398460388,-1.1062064170837402,-0.4016895890235901
0,1,0,0.612393856048584,-0.947765588760376,-0.4903796315193176
0,1,0,0.999906063079834,-9.272591590881348,-9.394132939632982e-05
0,0,1,0.6494424343109131,-0.4316410720348358,-1.048230528831482
0,0,1,0.9606267809867859,-0.040169309824705124,-3.2346696853637695
1,1,1,0.999841570854187,-8.750072479248047,-0.00015844170411583036
0,0,1,0.6520869135856628,-0.4275774359703064,-1.055802822113037
1,1,1,0.9613887667655945,-3.2542099952697754,-0.039376530796289444
1,1,1,0.9348610043525696,-2.7312324047088623,-0.06735742092132568
1,1,1,0.7094672918319702,-1.2360392808914185,-0.343240886926651
1,1,1,0.9613085389137268,-3.252135992050171,-0.03945986181497574
0,1,0,0.9999450445175171,-9.809154510498047,-5.49569922441151e-05
0,1,0,0.6943041682243347,-1.1851648092269897,-0.3648451268672943
0,0,1,0.6003403067588806,-0.5102586150169373,-0.917141854763031
0,1,0,0.9984392523765564,-6.462604999542236,-0.001561966841109097
0,1,0,0.9998065829277039,-8.550559997558594,-0.00019343578605912626
0,1,0,0.9946630001068115,-5.233090877532959,-0.005351292435079813
1,1,1,0.9998328685760498,-8.697214126586914,-0.00016714539378881454
1,1,1,0.9998763799667358,-8.998235702514648,-0.00012362767301965505
0,1,0,0.9840564727783203,-4.138701438903809,-0.016071991994976997
0,1,0,0.9996815919876099,-8.05203914642334,-0.00031845871126279235
0,1,0,0.722377359867096,-1.2814925909042358,-0.3252076208591461
0,0,1,0.8692847490310669,-0.14008453488349915,-2.034733533859253
1,0,0,0.8335018754005432,-0.18211932480335236,-1.792771339416504
0,1,0,0.7634773254394531,-1.4417110681533813,-0.26987186074256897
0,0,1,0.5152039527893066,-0.6631924510002136,-0.7240268588066101
0,0,1,0.5356789231300354,-0.6242203116416931,-0.767179012298584
0,0,1,0.8742660284042358,-0.1343705654144287,-2.07358717918396
1,0,0,0.8810696601867676,-0.12661857903003693,-2.1292173862457275
0,0,1,0.8609265089035034,-0.1497461348772049,-1.9727528095245361
1,0,0,0.9479566812515259,-0.05344647169113159,-2.9556796550750732
1,1,1,0.9999756813049316,-10.625429153442383,-2.4318991563632153e-05
1,1,1,0.7345284223556519,-1.3262476921081543,-0.3085266053676605
1,1,1,0.9991484880447388,-7.068475723266602,-0.0008518747054040432
0,1,0,0.9657302498817444,-3.3734912872314453,-0.034870728850364685
0,1,0,0.702137291431427,-1.2111226320266724,-0.3536263108253479
0,1,0,0.9763817191123962,-3.7457358837127686,-0.023901663720607758
0,1,0,0.9999130964279175,-9.350903511047363,-8.690734830452129e-05
1,1,1,0.68121337890625,-1.143233299255371,-0.383879691362381
1,0,0,0.6463350653648376,-0.4364372193813324,-1.039405345916748
0,1,0,0.9256165027618408,-2.5985212326049805,-0.07729527354240417
0,1,0,0.9994868040084839,-7.574954509735107,-0.0005133277154527605
1,1,1,0.9008881449699402,-2.3115055561065674,-0.10437417030334473
0,1,0,0.9996860027313232,-8.066176414489746,-0.0003140465705655515
0,1,0,0.9991021156311035,-7.015392780303955,-0.0008982876897789538
0,0,1,0.8676261901855469,-0.14199431240558624,-2.022125244140625
0,1,0,0.7805240154266357,-1.5165126323699951,-0.24778977036476135
1,1,1,0.5364022850990295,-0.7687381505966187,-0.6228708624839783
0,0,1,0.678621232509613,-0.3876921534538269,-1.1351349353790283
0,0,1,0.9671732783317566,-0.03337760642170906,-3.4165124893188477
0,1,0,0.9988834261894226,-6.797461032867432,-0.0011171976802870631
0,1,0,0.5354205369949341,-0.7666227221488953,-0.6247026920318604
1,1,1,0.9821311235427856,-4.024694442749023,-0.018030451610684395
0,0,1,0.7898037433624268,-0.23597079515457153,-1.55971360206604
1,1,1,0.9950874447822571,-5.315966606140137,-0.0049246614798903465
1,1,1,0.9999278783798218,-9.537751197814941,-7.212421769509092e-05
0,1,0,0.9999630451202393,-10.205132484436035,-3.695556370075792e-05
0,1,0,0.9998407363891602,-8.745266914367676,-0.00015927630010992289
0,1,0,0.9999196529388428,-9.429407119750977,-8.035029168240726e-05
1,1,1,0.7667862772941589,-1.45579993724823,-0.26554715633392334
0,0,1,0.9332191348075867,-0.06911523640155792,-2.706338405609131
0,1,0,0.9973387122154236,-5.928932189941406,-0.0026648351922631264
1,1,1,0.842729926109314,-1.849791169166565,-0.17110873758792877
0,1,0,0.7643823623657227,-1.4455450773239136,-0.2686871290206909
1,1,1,0.8401468396186829,-1.8334994316101074,-0.1741786003112793
0,1,0,0.8602545857429504,-1.9679325819015503,-0.15052689611911774
0,0,1,0.6879940629005432,-0.37397506833076477,-1.1647331714630127
1,1,1,0.9999604225158691,-10.13753604888916,-3.95782662963029e-05
0,0,1,0.9613476395606995,-0.03941918909549713,-3.2531471252441406
0,0,1,0.8137879967689514,-0.2060553878545761,-1.6808693408966064
0,1,0,0.6639644503593445,-1.0905382633209229,-0.40952667593955994
1,1,1,0.999947190284729,-9.849913597106934,-5.281110861687921e-05
0,1,0,0.9999382495880127,-9.69237995147705,-6.17523182881996e-05
1,1,1,0.9984509944915771,-6.470136642456055,-0.0015502064488828182
1,1,1,0.9999351501464844,-9.644309043884277,-6.48519562673755e-05
0,1,0,0.7828702330589294,-1.5272599458694458,-0.24478833377361298
0,0,1,0.5319671630859375,-0.6311734914779663,-0.7592166662216187
0,0,1,0.8953831195831299,-0.11050358414649963,-2.2574501037597656
0,1,0,0.9999042749404907,-9.25370979309082,-9.572964336257428e-05
0,1,0,0.9999748468399048,-10.592702865600586,-2.515347659937106e-05
0,1,0,0.9999740123748779,-10.55582332611084,-2.5987963454099372e-05
0,1,0,0.9874871969223022,-4.38100004196167,-0.01259174756705761
0,1,0,0.9991722106933594,-7.096671104431152,-0.0008281320915557444
1,1,1,0.9933445453643799,-5.012326240539551,-0.006677701137959957
0,1,0,0.8135479092597961,-1.679580807685852,-0.20635046064853668
0,0,1,0.8829496502876282,-0.12448710203170776,-2.145151138305664
1,0,0,0.7584425210952759,-0.2764882743358612,-1.4206480979919434
0,1,0,0.6615539193153381,-1.083390474319458,-0.41316378116607666
0,1,0,0.9764965176582336,-3.750608444213867,-0.02378409542143345
1,1,1,0.9995455145835876,-7.696474552154541,-0.0004545887350104749
0,1,0,0.9853789806365967,-4.225294589996338,-0.014728959649801254
1,1,1,0.9996391534805298,-7.927070617675781,-0.000360911653842777
1,1,1,0.9520601630210876,-3.0378098487854004,-0.04912704974412918
0,1,0,0.9239293932914734,-2.5760931968688965,-0.07911962270736694
0,1,0,0.8652061820030212,-2.0040090084075928,-0.14478744566440582
0,1,0,0.9992859959602356,-7.244601249694824,-0.0007142590475268662
1,0,0,0.6846776604652405,-0.3788071274757385,-1.1541600227355957
0,1,0,0.9999412298202515,-9.742637634277344,-5.8771907788468525e-05
0,1,0,0.9989745616912842,-6.882605075836182,-0.0010259643895551562
0,1,0,0.7369515299797058,-1.3354170322418213,-0.3052331507205963
0,1,0,0.9996494054794312,-7.955794811248779,-0.0003506559878587723
1,1,1,0.999618649482727,-7.871735095977783,-0.0003814232477452606
1,0,0,0.6855363249778748,-0.377553790807724,-1.1568868160247803
0,1,0,0.8017246127128601,-1.6180981397628784,-0.2209901064634323
1,0,0,0.937644898891449,-0.06438397616147995,-2.7749085426330566
1,1,1,0.9999681711196899,-10.356438636779785,-3.182938598911278e-05
0,0,1,0.7406234741210938,-0.3002629280090332,-1.3494744300842285
0,1,0,0.7481707334518433,-1.3790040016174316,-0.2901240587234497
1,1,1,0.7012627124786377,-1.20819091796875,-0.3548727035522461
1,1,1,0.9989388585090637,-6.848386764526367,-0.0010617049410939217
1,1,1,0.9985020160675049,-6.503662586212158,-0.0014991069911047816
1,0,0,0.8582713603973389,-0.152834951877594,-1.953841209411621
0,1,0,0.9995854496955872,-7.788204193115234,-0.00041463624802418053
0,0,1,0.7994828224182129,-0.2237902283668518,-1.6068553924560547
1,1,1,0.7351457476615906,-1.328575849533081,-0.3076865077018738
0,1,0,0.635991096496582,-1.0105769634246826,-0.45257073640823364
0,0,1,0.8987205028533936,-0.10678325593471527,-2.2898712158203125
0,1,0,0.9832444190979004,-4.089028358459473,-0.016897544264793396
0,0,1,0.6713563203811646,-0.39845526218414307,-1.112781047821045
1,0,0,0.5730667114257812,-0.5567531585693359,-0.8511276245117188
1,1,1,0.64812833070755,-1.044488787651062,-0.43366655707359314
0,1,0,0.9984941482543945,-6.4984049797058105,-0.0015069866785779595
0,0,1,0.6167903542518616,-0.48322609066963196,-0.9591729640960693
1,1,1,0.9442901611328125,-2.8875982761383057,-0.057321786880493164
1,1,1,0.9960110187530518,-5.524209022521973,-0.003996958490461111
1,1,1,0.872667670249939,-2.0609545707702637,-0.13620047271251678
0,0,1,0.7625617384910583,-0.27107182145118713,-1.4378479719161987
0,0,1,0.8331891298294067,-0.1824946105480194,-1.7908945083618164
1,1,1,0.9999136924743652,-9.358341217041016,-8.631125092506409e-05
0,0,1,0.6874290108680725,-0.37479671835899353,-1.1629236936569214
0,1,0,0.9994150400161743,-7.443958759307861,-0.0005851311143487692
1,1,1,0.9996588230133057,-7.983035087585449,-0.0003412351943552494
1,1,1,0.9636771082878113,-3.3153088092803955,-0.036998990923166275
0,1,0,0.9581969380378723,-3.1747868061065674,-0.042701948434114456
1,1,1,0.9999487400054932,-9.87856388092041,-5.12613078171853e-05
1,1,1,0.9989125728607178,-6.823945045471191,-0.001088018761947751
0,1,0,0.9982814788818359,-6.366254806518555,-0.0017199994763359427
1,1,1,0.8985666632652283,-2.288353681564331,-0.10695438086986542
0,0,1,0.6819903254508972,-0.3827398121356964,-1.1456735134124756
0,0,1,0.8586539626121521,-0.1523892730474472,-1.9565445184707642
1,1,1,0.999016284942627,-6.924136161804199,-0.000984199228696525
0,1,0,0.9255853891372681,-2.5981028079986572,-0.0773288905620575
1,1,1,0.9999456405639648,-9.819729804992676,-5.436091305455193e-05
0,1,0,0.9998550415039062,-8.839054107666016,-0.00014496900257654488
0,0,1,0.7441180944442749,-0.2955555319786072,-1.363039493560791
1,1,1,0.9931079149246216,-4.977382183074951,-0.006915945094078779
0,1,0,0.9996265172958374,-7.8926920890808105,-0.00037355246604420245
1,0,0,0.6175327897071838,-0.48202311992645264,-0.961112380027771
0,1,0,0.9988225102424622,-6.744400501251221,-0.0011781835928559303
1,1,1,0.999980092048645,-10.821988105773926,-1.9908149624825455e-05
1,1,1,0.9999402761459351,-9.726507186889648,-5.972563667455688e-05
0,1,0,0.9998121857643127,-8.580129623413086,-0.00018783187260851264
0,0,1,0.6339370608329773,-0.4558055102825165,-1.0049501657485962
0,0,1,0.5184042453765869,-0.656999945640564,-0.7306502461433411
0,0,1,0.8482977747917175,-0.16452355682849884,-1.8858360052108765
0,0,1,0.672392725944519,-0.39691269397735596,-1.115939736366272
1,1,1,0.8951353430747986,-2.255084991455078,-0.11078035086393356
1,1,1,0.7304551005363464,-1.3110204935073853,-0.31408751010894775
